,Id,SubmittedUserId,TeamId,SourceKernelVersionId,SubmissionDate,ScoreDate,IsAfterDeadline,PublicScoreLeaderboardDisplay,PublicScoreFullPrecision,PrivateScoreLeaderboardDisplay,PrivateScoreFullPrecision
38224,72534,24933.0,10889,,12/18/2011,,False,0.72829,0.7282916540545449,0.72659,0.7265946853520385
38225,72569,24933.0,10889,,12/18/2011,,False,0.36630999999999997,0.3663127658720017,0.36594,0.3659440391493617
38226,71646,24933.0,10889,,12/15/2011,,False,0.66409,0.6640926485999761,0.67264,0.6726489434284824
38227,71648,24933.0,10889,,12/15/2011,,False,0.27226,0.27226904880143193,0.27436,0.2743681990133763
55824,3730,1045.0,787,,07/12/2010,,False,63.461490000000005,63.46149826049805,56.0694,56.06940078735352
55825,3732,1045.0,787,,07/12/2010,,False,61.5385,61.53850173950195,58.3815,58.38150024414063
55826,3734,1045.0,787,,07/12/2010,,False,63.461490000000005,63.46149826049805,56.0694,56.06940078735352
225410,580199,3177.0,75225,,02/06/2014,02/06/2014,False,0.8336,0.8336019721247748,0.81375,0.8137547702007633
225411,602802,3177.0,75225,,02/26/2014,02/26/2014,False,18.24111,18.241111216459657,18.17332,18.173327170589488
301097,349497,101459.0,46981,,06/10/2013,,True,0.9517200000000001,0.9517292577660426,0.9514799999999999,0.9514889801899292
301098,354060,101459.0,46981,,06/12/2013,,True,0.9609,0.9609001493410644,0.96075,0.9607591207825364
301099,355105,101459.0,46981,,06/12/2013,,True,0.9609,0.9609001493410644,0.96075,0.9607591207825364
803266,1698414,368014.0,190244,,06/14/2015,06/14/2015,True,0.64281,0.6428141238645417,0.64478,0.6447892343303182
803267,1713309,368014.0,190244,,06/20/2015,06/20/2015,True,1.9499799999999998,1.949987021687766,1.95125,1.9512598300495765
803268,1718280,368014.0,190244,,06/23/2015,06/23/2015,True,0.9759200000000001,0.9759272149064224,0.9819100000000001,0.9819150314319988
803269,1718296,368014.0,190244,,06/23/2015,06/23/2015,True,0.94095,0.94095280766137,0.94505,0.9450589842172652
803270,1718340,368014.0,190244,,06/23/2015,06/23/2015,True,1.0185600000000001,1.0185600895953717,1.0191700000000001,1.0191755027493627
803271,1721191,368014.0,190244,,06/24/2015,06/24/2015,True,0.6684100000000001,0.6684122424355752,0.66985,0.6698581534535838
892507,1148360,232473.0,132278,,12/16/2014,12/16/2014,False,0.53455,0.5345586036323664,0.53455,0.5345586036323664
892508,1184766,232473.0,132278,,01/06/2015,01/06/2015,False,0.46461,0.4646169607423154,0.46461,0.4646169607423154
892509,1184816,232473.0,132278,,01/06/2015,01/06/2015,False,0.50626,0.5062610631986486,0.50626,0.5062610631986486
892510,1184846,232473.0,132278,,01/06/2015,01/06/2015,False,0.50705,0.5070561990284592,0.50705,0.5070561990284592
892511,1184899,232473.0,132278,,01/07/2015,01/07/2015,False,0.5148199999999999,0.5148267068646389,0.5148199999999999,0.5148267068646389
892512,1184943,232473.0,132278,,01/07/2015,01/07/2015,False,0.50168,0.5016892847616815,0.50168,0.5016892847616815
892513,1197532,232473.0,132278,,01/14/2015,01/14/2015,False,0.5512699999999999,0.5512716111250313,0.5512699999999999,0.5512716111250313
892514,1192109,232473.0,132278,,01/10/2015,01/10/2015,False,0.5324399999999999,0.5324459873424884,0.5324399999999999,0.5324459873424884
892515,1190650,232473.0,132278,,01/10/2015,01/10/2015,False,0.53905,0.5390566274116763,0.53905,0.5390566274116763
892516,1197445,232473.0,132278,,01/14/2015,01/14/2015,False,0.5583199999999999,0.5583278101534905,0.5583199999999999,0.5583278101534905
892517,1223535,232473.0,132278,,01/29/2015,01/29/2015,False,0.64194,0.6419463955189499,0.64194,0.6419463955189499
892518,1212393,232473.0,132278,,01/23/2015,01/23/2015,False,0.58448,0.5844814138262704,0.58448,0.5844814138262704
897998,1634613,329404.0,184628,,05/26/2015,06/04/2015,False,0.5,0.5,0.5,0.5
897999,1634641,329404.0,184628,,05/26/2015,06/04/2015,False,0.7266,0.7266,0.7266,0.7266
898000,1644324,329404.0,184628,,05/28/2015,06/04/2015,False,0.50227,0.5022800000000001,0.50227,0.5022800000000001
898001,1651253,329404.0,184628,,05/30/2015,06/04/2015,False,0.49772,0.49772,0.49772,0.49772
898002,1659704,329404.0,184628,,06/02/2015,06/04/2015,False,0.8449200000000001,0.8449200000000001,0.8449200000000001,0.8449200000000001
898003,1661269,329404.0,184628,,06/02/2015,06/04/2015,False,0.5562,0.5562,0.5562,0.5562
898004,1732987,329404.0,184628,,06/29/2015,06/29/2015,False,0.8278,0.8278,0.8278,0.8278
898005,1730381,329404.0,184628,,06/28/2015,06/28/2015,False,0.8452,0.8452,0.8452,0.8452
898006,1730480,329404.0,184628,,06/28/2015,06/28/2015,False,0.8114399999999999,0.8114399999999999,0.8114399999999999,0.8114399999999999
898007,1727835,329404.0,184628,,06/27/2015,06/27/2015,False,0.75788,0.75788,0.75788,0.75788
898008,1727838,329404.0,184628,,06/27/2015,06/27/2015,False,0.753,0.753,0.753,0.753
898009,1732953,329404.0,184628,,06/29/2015,06/29/2015,False,0.8456799999999999,0.8456799999999999,0.8456799999999999,0.8456799999999999
898010,1732960,329404.0,184628,,06/29/2015,06/29/2015,False,0.81216,0.81216,0.81216,0.81216
898011,1732985,329404.0,184628,,06/29/2015,06/29/2015,False,0.83004,0.83004,0.83004,0.83004
948673,1277700,208102.0,148401,,02/24/2015,02/24/2015,False,0.6612899999999999,0.6612975620789833,0.6612899999999999,0.6612975620789833
948674,1274831,208102.0,148401,,02/23/2015,02/23/2015,False,0.5648,0.5648038848402168,0.5648,0.5648038848402168
948675,1274953,208102.0,148401,,02/23/2015,02/23/2015,False,0.62007,0.6200759155457225,0.62007,0.6200759155457225
948676,1280269,208102.0,148401,,02/25/2015,02/25/2015,False,0.66565,0.6656552840471327,0.66565,0.6656552840471327
948677,1280270,208102.0,148401,,02/25/2015,02/25/2015,False,0.66565,0.6656552840471327,0.66565,0.6656552840471327
948678,1288839,208102.0,148401,,03/01/2015,03/01/2015,False,0.67423,0.6742346596170294,0.67423,0.6742346596170294
948679,1296363,208102.0,148401,,03/04/2015,03/04/2015,False,0.70122,0.7012203742056788,0.70122,0.7012203742056788
948680,1296524,208102.0,148401,,03/04/2015,03/04/2015,False,0.69896,0.6989619927477327,0.69896,0.6989619927477327
948681,1288842,208102.0,148401,,03/01/2015,03/01/2015,False,0.5049600000000001,0.5049638446912131,0.5049600000000001,0.5049638446912131
953586,1428433,160773.0,167804,,04/15/2015,04/15/2015,False,1.1800700000000002,1.1800765218333178,1.1800700000000002,1.1800765218333178
953587,1453856,160773.0,167804,,04/20/2015,04/20/2015,False,1.1629200000000002,1.1629279411642135,1.1629200000000002,1.1629279411642135
976440,1084655,48137.0,125143,,11/20/2014,11/20/2014,True,0.45969,0.4596954435736211,0.45357,0.4535723727693324
976441,1084779,48137.0,125143,,11/20/2014,11/20/2014,True,0.53223,0.5322376851327592,0.50948,0.5094877726371447
976442,1084950,48137.0,125143,,11/20/2014,11/20/2014,True,0.53123,0.5312334237267932,0.57175,0.5717597488433576
1004590,1556294,347179.0,178505,,05/05/2015,05/05/2015,False,10.122689999999999,10.122697876094453,10.02566,10.025663153398037
1012699,1649241,294637.0,186109,,05/29/2015,05/29/2015,False,0.5,0.5,0.5,0.5
1012700,1666583,294637.0,186109,,06/04/2015,06/04/2015,False,0.7268,0.7268066646948634,0.72896,0.7289685068038047
1012701,1742338,294637.0,186109,,07/02/2015,07/02/2015,True,0.8255299999999999,0.8255337561755781,0.84906,0.849060020631381
1012702,1674719,294637.0,186109,,06/07/2015,06/07/2015,False,0.81865,0.8186543538510412,0.8473200000000001,0.8473211441314341
1012703,1661488,294637.0,186109,,06/02/2015,06/02/2015,False,0.5,0.5,0.5,0.5
1012704,1677898,294637.0,186109,,06/08/2015,06/08/2015,False,0.51151,0.5115131398775291,0.5239,0.5239043371410367
1012705,1677982,294637.0,186109,,06/08/2015,06/08/2015,False,0.81865,0.8186543538510412,0.8473200000000001,0.8473211441314341
1012706,1678055,294637.0,186109,,06/08/2015,06/08/2015,False,0.8156100000000001,0.8156144905627307,0.84459,0.8445981052503829
1012707,1742337,294637.0,186109,,07/02/2015,07/02/2015,True,0.8255299999999999,0.8255337561755781,0.84906,0.849060020631381
1012708,1663529,294637.0,186109,,06/03/2015,06/03/2015,False,0.73339,0.7333902965372945,0.72845,0.7284574629469499
1012709,1674323,294637.0,186109,,06/06/2015,06/06/2015,False,0.5,0.5,0.5,0.5
1012710,1660444,294637.0,186109,,06/02/2015,06/02/2015,False,0.73238,0.7323879632368245,0.7334,0.7334086151185546
1012711,1674500,294637.0,186109,,06/06/2015,06/06/2015,False,0.53283,0.5328305235137534,0.51999,0.519994235349444
1012712,1674635,294637.0,186109,,06/07/2015,06/07/2015,False,0.6400100000000001,0.6400144598902363,0.64283,0.6428343876575797
1012713,1674705,294637.0,186109,,06/07/2015,06/07/2015,False,0.81865,0.8186543538510412,0.8473200000000001,0.8473211441314341
1012714,1666596,294637.0,186109,,06/04/2015,06/04/2015,False,0.7311,0.7311008139165489,0.72925,0.7292538949316586
1012715,1666610,294637.0,186109,,06/04/2015,06/04/2015,False,0.7311,0.7311008139165489,0.72925,0.7292538949316586
1012716,1659931,294637.0,186109,,06/02/2015,06/02/2015,False,0.7311300000000001,0.7311391545345997,0.73239,0.7323950606046815
1012717,1669097,294637.0,186109,,06/05/2015,06/05/2015,False,0.7311,0.7311008139165489,0.72925,0.7292538949316586
1012718,1663419,294637.0,186109,,06/03/2015,06/03/2015,False,0.7311,0.7311008139165489,0.72925,0.7292538949316586
1012719,1663458,294637.0,186109,,06/03/2015,06/03/2015,False,0.7311,0.7311008139165489,0.72925,0.7292538949316586
1085437,1802061,322502.0,199300,,07/24/2015,07/24/2015,False,0.27658,0.2765881423410808,0.27460999999999997,0.2746157957944557
1085438,1802143,322502.0,199300,,07/24/2015,07/24/2015,False,0.27395,0.2739576838978289,0.27191,0.27191635429016625
1085439,1836677,322502.0,199300,,08/03/2015,08/03/2015,False,0.67445,0.6744539829370618,0.68779,0.6877975284818595
1085440,1798122,322502.0,199300,,07/23/2015,07/23/2015,False,0.32313000000000003,0.3231342665651073,0.31327,0.3132731053869097
1085441,1798125,322502.0,199300,,07/23/2015,07/23/2015,False,0.32313000000000003,0.3231342665651073,0.31327,0.3132731053869097
1085442,1819875,322502.0,199300,34706.0,07/29/2015,07/29/2015,False,0.22869,0.2286971917354467,0.22411,0.2241184459595108
1085443,1823177,322502.0,199300,,07/30/2015,07/30/2015,False,0.67876,0.678769502652916,0.6802199999999999,0.6802225608997222
1085444,1820097,322502.0,199300,,07/29/2015,07/29/2015,False,0.23126,0.23126253932049315,0.22545,0.2254503915559546
1085445,1820143,322502.0,199300,,07/29/2015,07/29/2015,False,0.2324,0.2324097889790654,0.22619,0.2261944698609312
1085446,1792122,322502.0,199300,,07/21/2015,07/21/2015,False,0.292,0.2920009355078016,0.28852,0.28852862780601546
1085447,1795298,322502.0,199300,,07/22/2015,07/22/2015,False,0.9874700000000001,0.9874790215522661,0.9890200000000001,0.989024634750755
1085448,1795418,322502.0,199300,,07/22/2015,07/22/2015,False,0.31590999999999997,0.3159172603000737,0.31178,0.3117894929671401
1085449,1801289,322502.0,199300,,07/24/2015,07/24/2015,False,0.27964,0.27964016997437435,0.27831999999999996,0.27832936751963144
1085450,1801428,322502.0,199300,,07/24/2015,07/24/2015,False,0.26981,0.2698179285165448,0.26885,0.2688575275983554
1085451,1802005,322502.0,199300,,07/24/2015,07/24/2015,False,0.27658,0.2765881423410808,0.27460999999999997,0.2746157957944557
1085452,1777852,322502.0,199300,,07/16/2015,07/16/2015,False,0.79365,0.7936551790527164,0.8123100000000001,0.8123123835086141
1085453,1777857,322502.0,199300,,07/16/2015,07/16/2015,False,0.8525200000000001,0.8525239524027957,0.87728,0.8772832390332704
1085454,1777874,322502.0,199300,,07/16/2015,07/16/2015,False,0.63326,0.633261050992415,0.6413,0.6413086827911976
1085455,1777940,322502.0,199300,,07/16/2015,07/16/2015,False,0.63326,0.633261050992415,0.6413,0.6413086827911976
1085456,1780672,322502.0,199300,,07/17/2015,07/17/2015,False,0.5595399999999999,0.5595418490276498,0.55007,0.5500760149932754
1085457,1772524,322502.0,199300,,07/14/2015,07/14/2015,False,3.10117,3.1011775545264304,3.14246,3.1424661860335803
1085458,1782432,322502.0,199300,,07/18/2015,07/18/2015,False,0.49704,0.4970401659605963,0.49176000000000003,0.4917630357996464
1085459,1782756,322502.0,199300,,07/18/2015,07/18/2015,False,0.42696000000000006,0.4269686051618309,0.41618999999999995,0.4161956379560345
1085460,1777844,322502.0,199300,,07/16/2015,07/16/2015,False,0.92727,0.9272768879215548,0.9436200000000001,0.9436289890017432
1129011,1809217,350875.0,203503,,07/26/2015,08/19/2015,False,0.8267899999999999,0.8267933783221723,0.8287399999999999,0.8287483878919051
1129012,1809243,350875.0,203503,,07/26/2015,08/19/2015,False,0.96525,0.965254669370876,0.96831,0.968311010574287
1129013,1809283,350875.0,203503,,07/26/2015,08/19/2015,False,0.96562,0.9656256011140074,0.9683799999999999,0.9683845592697108
1129014,1811202,350875.0,203503,,07/27/2015,08/19/2015,False,0.9656299999999999,0.9656362285050633,0.96891,0.9689180067511818
1232746,2699579,557143.0,291819,172126.0,03/14/2016,03/14/2016,False,0.8387899999999999,0.8387971689870775,0.8245,0.8245077469319579
1232747,2699868,557143.0,291819,,03/14/2016,03/14/2016,False,0.83515,0.8351520452996753,0.81945,0.8194597522937803
1232748,2700116,557143.0,291819,,03/14/2016,03/14/2016,False,0.83344,0.8334489324420905,0.8203,0.8203006532563578
1232749,2705136,557143.0,291819,,03/15/2016,03/15/2016,False,0.8387,0.8387095936215232,0.8256600000000001,0.8256624372320647
1232750,2705148,557143.0,291819,,03/15/2016,03/15/2016,False,0.56553,0.565535182104245,0.55601,0.5560101406711291
1232751,2705155,557143.0,291819,,03/15/2016,03/15/2016,False,0.8250700000000001,0.8250755332855725,0.81217,0.8121754692793086
1232752,2705183,557143.0,291819,,03/15/2016,03/15/2016,False,0.82321,0.8232157995677597,0.80934,0.8093401660132186
1232753,2730255,557143.0,291819,,03/21/2016,03/21/2016,False,0.8232799999999999,0.8232848824398833,0.80383,0.8038314209308591
1232754,2730330,557143.0,291819,,03/21/2016,03/21/2016,False,0.7338600000000001,0.7338674159798839,0.72234,0.7223470437584917
1426371,2019383,362738.0,230618,,10/08/2015,10/08/2015,False,0.12725,0.12725625898597934,0.1382,0.13820292862438255
1426372,2038648,345968.0,230618,,10/14/2015,10/14/2015,False,0.12087,0.12087869046615587,0.13126,0.13126425571781405
1426373,2029791,345968.0,230618,,10/11/2015,10/11/2015,False,0.11842000000000001,0.11842272247348873,0.1249,0.12490205224789552
1426374,2029816,345968.0,230618,,10/11/2015,10/11/2015,False,1.0,1.0,1.0,1.0
1426375,2030033,345968.0,230618,,10/12/2015,10/12/2015,False,0.11842000000000001,0.11842272247348873,0.1249,0.12490205224789552
1426376,2034172,345968.0,230618,,10/12/2015,10/12/2015,False,0.39114,0.3911464085418723,0.414,0.4140044416764128
1426377,2325542,94296.0,230618,,12/14/2015,12/14/2015,False,0.18622,0.18622026837490988,0.20876,0.2087668304192308
1426378,2325550,94296.0,230618,,12/14/2015,12/14/2015,False,0.12028,0.12028795563986153,0.13851,0.13851832406601686
1426379,2148135,362738.0,230618,,11/13/2015,11/13/2015,False,0.11375999999999999,0.11376835928949612,0.12395,0.12395664357072488
1426380,2165166,94296.0,230618,,11/17/2015,11/17/2015,False,0.11947999999999999,0.11948129269441572,0.13269,0.13269559956727425
1426381,2165177,94296.0,230618,,11/17/2015,11/17/2015,False,0.11467999999999999,0.1146887878579292,0.13105,0.13105955002174782
1426382,2325485,94296.0,230618,,12/14/2015,12/14/2015,False,0.18472,0.18472151139624252,0.18616,0.18616771665830614
1426383,2325515,94296.0,230618,,12/14/2015,12/14/2015,False,0.12457,0.1245745847766382,0.14399,0.14399577879650646
1426384,2325532,94296.0,230618,,12/14/2015,12/14/2015,False,0.15966,0.1596606240207331,0.16971,0.1697164881049925
1426385,2109264,94296.0,230618,,11/04/2015,11/04/2015,False,0.23487,0.2348787008823495,0.25774,0.25774182817164965
1426386,2110619,94296.0,230618,,11/04/2015,11/04/2015,False,0.1066,0.106608255632376,0.11938,0.11938342267761905
1426387,2125223,94296.0,230618,,11/08/2015,11/08/2015,False,0.1654,0.16540450988117228,0.18208,0.182085934602881
1426388,2125238,94296.0,230618,,11/08/2015,11/08/2015,False,0.12566,0.125666258421555,0.13201,0.132010457222601
1426389,2125249,94296.0,230618,,11/08/2015,11/08/2015,False,0.12382,0.12382877883492616,0.14242,0.14242595685834306
1426390,2125262,94296.0,230618,,11/08/2015,11/08/2015,False,0.11387,0.11387362998748833,0.12128,0.12128989054130622
1426391,2097350,94296.0,230618,,10/31/2015,10/31/2015,False,0.30023,0.3002335177273285,0.32776,0.3277606329988744
1426392,2094063,94296.0,230618,,10/30/2015,10/30/2015,False,0.11519000000000001,0.11519836071982605,0.1275,0.1275065344013244
1426393,2104304,94296.0,230618,,11/02/2015,11/02/2015,False,0.18538,0.18538361810425186,0.22104000000000001,0.22104795900160065
1426394,2105371,94296.0,230618,,11/03/2015,11/03/2015,False,0.28826,0.2882611010299981,0.31288,0.31288364747815645
1426395,2110559,94296.0,230618,,11/04/2015,11/04/2015,False,0.10719000000000001,0.10719515585196157,0.11408,0.11408824340512813
1426396,2109254,94296.0,230618,,11/04/2015,11/04/2015,False,0.14526,0.14526391361194574,0.16597,0.16597250655778653
1426397,2042229,345968.0,230618,,10/15/2015,10/15/2015,False,0.10812000000000001,0.10812659650550517,0.11854,0.11854860739774123
1426398,2078071,94296.0,230618,,10/26/2015,10/26/2015,False,0.6602899999999999,0.6602931984898539,0.70302,0.7030254396630768
1426399,2078162,94296.0,230618,,10/26/2015,10/26/2015,False,0.9953299999999999,0.9953360787310672,0.99511,0.9951184652417728
1426400,2078177,94296.0,230618,,10/26/2015,10/26/2015,False,0.9958,0.9958027745042349,0.9956,0.995608204352078
1426401,2078195,94296.0,230618,,10/26/2015,10/26/2015,False,0.13952,0.13952308134886,0.14825,0.14825792765302265
1426402,2078209,94296.0,230618,,10/26/2015,10/26/2015,False,0.36901,0.3690103864887078,0.39631,0.39631408195355616
1426403,2044647,345968.0,230618,,10/15/2015,10/15/2015,False,0.11045,0.11045964378094536,0.12190999999999999,0.12191333344499665
1426404,2038056,345968.0,230618,,10/14/2015,10/14/2015,False,0.11827,0.11827866154596885,0.1286,0.1286015158340732
1426405,2038573,345968.0,230618,,10/14/2015,10/14/2015,False,0.11889000000000001,0.11889782703405508,0.12916,0.12916257791149902
1426406,2038610,345968.0,230618,,10/14/2015,10/14/2015,False,0.1189,0.11890049982605473,0.12916,0.1291610150064277
1426407,2041736,345968.0,230618,,10/15/2015,10/15/2015,False,0.10859,0.10859783833526936,0.12369000000000001,0.12369582634873592
1426408,2042091,345968.0,230618,,10/15/2015,10/15/2015,False,0.10687,0.10687832241375766,0.11867,0.11867058891712355
1426409,2034227,345968.0,230618,,10/12/2015,10/12/2015,False,0.37251,0.37251998494845656,0.38461,0.3846143938892532
1426410,2035336,345968.0,230618,,10/13/2015,10/13/2015,False,0.11517999999999999,0.11518770521619713,0.13042,0.13042714960335527
1426411,2037442,345968.0,230618,,10/13/2015,10/13/2015,False,0.1202,0.12020630773613815,0.1352,0.1352006088716211
1426412,2034987,345968.0,230618,,10/13/2015,10/13/2015,False,0.11675,0.11675756830643315,0.12997999999999998,0.12998639659784236
1426413,2035130,345968.0,230618,,10/13/2015,10/13/2015,False,0.11529,0.1152968992880491,0.13039,0.13039867581777936
1426414,2035198,345968.0,230618,,10/13/2015,10/13/2015,False,0.11632,0.1163299642691446,0.13374,0.13374886105835407
1452038,2815702,527196.0,274971,,04/05/2016,04/05/2016,True,0.39687,0.39687567103285376,0.3961,0.3961074813656023
1582306,2355615,41331.0,256448,,12/21/2015,12/21/2015,False,0.96021,0.9602132464050972,0.95949,0.9594978404086294
1582307,2356107,41331.0,256448,,12/21/2015,12/21/2015,False,0.9649200000000001,0.9649281889748615,0.9642200000000001,0.9642235301925149
1582308,2354488,41331.0,256448,,12/21/2015,12/21/2015,False,0.95936,0.9593614488725914,0.95878,0.9587820548899136
1582309,2354983,41331.0,256448,,12/21/2015,12/21/2015,False,0.95873,0.9587375342470428,0.95852,0.9585239064769016
1582310,2355173,41331.0,256448,,12/21/2015,12/21/2015,False,0.9591299999999999,0.9591367429758584,0.9587399999999999,0.9587402580435338
1582311,2375671,41331.0,256448,,12/27/2015,12/27/2015,False,0.96375,0.9637514527518652,0.96281,0.9628191873886152
1582312,2376046,41331.0,256448,,12/27/2015,12/27/2015,False,0.96468,0.9646879434859604,0.96401,0.9640118730201443
1632553,2993526,271074.0,319135,,05/03/2016,05/03/2016,False,0.37815,0.3781533539242031,0.37783,0.3778326064858151
1638013,2130432,158501.0,237013,,11/10/2015,12/22/2015,False,,,,
1641511,2674610,356645.0,289051,,03/09/2016,03/09/2016,True,2056762.63485,2056762.6348517775,2102098.6252200003,2102098.6252295114
1641512,2674581,356645.0,289051,,03/09/2016,03/09/2016,True,1745618.35244,1745618.3524447668,1884556.2877599997,1884556.287763139
1712464,2083473,284003.0,231174,,10/27/2015,10/27/2015,False,0.02071,0.020716009654062752,0.02071,0.020716009654062752
1719545,2439970,504380.0,263630,,01/15/2016,02/06/2016,False,,,,
1997814,3100699,299500.0,333355,,06/01/2016,06/01/2016,False,0.49654,0.4965403600653556,0.49476000000000003,0.4947675493776236
2050546,3108869,505104.0,334076,,06/02/2016,06/02/2016,False,0.50176,0.5017627599933782,0.49904,0.4990453963883966
2050547,3108918,505104.0,334076,,06/02/2016,06/02/2016,False,0.50176,0.5017627599933782,0.49904,0.4990453963883966
2050548,3108187,505104.0,334076,,06/02/2016,06/02/2016,False,0.49013,0.4901300869601005,0.48746999999999996,0.4874791063518768
2050549,3108213,505104.0,334076,,06/02/2016,06/02/2016,False,0.49367,0.49367444954938106,0.4912,0.4912021356764422
2050550,3128415,505104.0,334076,,06/06/2016,06/06/2016,False,0.50174,0.5017484356693742,0.49903000000000003,0.4990347441422576
2050551,3128444,505104.0,334076,,06/06/2016,06/06/2016,False,0.50176,0.50176688366241,0.49904,0.4990482079477862
2050552,3128468,505104.0,334076,,06/06/2016,06/06/2016,False,0.50176,0.5017692513192702,0.49905,0.4990522668891588
2050553,3128489,505104.0,334076,,06/06/2016,06/06/2016,False,0.50176,0.5017687777878979,0.49905,0.4990545240565565
2050554,3128559,505104.0,334076,,06/06/2016,06/06/2016,False,0.50176,0.5017633519075932,0.49904,0.4990470001652314
2050555,3108415,505104.0,334076,,06/02/2016,06/02/2016,False,0.49491,0.4949159896154605,0.49216000000000004,0.4921626594026407
2168916,3736858,778457.0,409422,,11/19/2016,11/19/2016,False,0.752,0.752,0.724,0.7240000000000001
2168917,3732503,778457.0,409422,,11/19/2016,11/19/2016,False,0.696,0.696,0.684,0.684
2322503,4103914,780298.0,460624,,02/02/2017,02/02/2017,True,2.916,2.9160065397422748,2.9222599999999996,2.922264997348872
2322504,4104163,780298.0,460624,,02/02/2017,02/02/2017,True,2.96971,2.969710984702871,2.97945,2.979453877354198
2322505,4103420,780298.0,460624,,02/01/2017,02/01/2017,True,6.00875,6.008755522550616,6.09014,6.090141098749597
2322506,4103493,780298.0,460624,,02/01/2017,02/01/2017,True,2.9064099999999997,2.9064158688670703,2.91787,2.917879593162036
2340630,4641997,816064.0,653473,,05/06/2017,05/06/2017,False,0.38606,0.3860640549772209,0.3439,0.34390802153007044
2340631,4642595,816064.0,653473,,05/06/2017,05/06/2017,False,0.41696000000000005,0.41696958685692703,0.36988000000000004,0.3698894183647079
2340632,4637877,816064.0,653473,,05/05/2017,05/05/2017,False,0.9806,0.9806074184355884,1.12229,1.1222947271307364
2340633,4639876,816064.0,653473,,05/05/2017,05/05/2017,False,0.98405,0.9840546917542929,1.1254,1.1254090165559605
2409320,4179821,610417.0,443262,899531.0,02/20/2017,02/20/2017,False,0.01154,0.01154487756024533,0.01629,0.016294968010291958
2409321,4204515,610417.0,443262,929357.0,02/24/2017,02/24/2017,False,-0.0317,-0.031701376729769824,-0.04433,-0.04433407510176601
2409322,4212026,610417.0,443262,937079.0,02/25/2017,02/25/2017,False,-0.014580000000000001,-0.014586382283519463,-0.00603,-0.006030280846157546
2409323,4212185,610417.0,443262,937308.0,02/25/2017,02/25/2017,False,-0.00025,-0.00025514285319120294,-0.00675,-0.006751683369524977
2409324,4249961,610417.0,443262,967202.0,03/01/2017,03/01/2017,False,0.00533,0.0053354681815531504,0.01608,0.01608089154089587
2409325,4250308,610417.0,443262,967613.0,03/01/2017,03/01/2017,False,0.01056,0.01056720750250148,0.017730000000000003,0.017733606561289913
2411339,4468387,49003.0,562292,,04/09/2017,04/09/2017,False,0.39516999999999997,0.3951716997159621,0.39878,0.3987869852294267
2411340,4468391,49003.0,562292,,04/09/2017,04/09/2017,False,0.38876,0.3887649620867943,0.39231,0.3923101979994441
2411341,4676293,49003.0,562292,,05/11/2017,05/11/2017,False,0.30528,0.3052855598565519,0.30901999999999996,0.309029848648161
2411342,4677951,49003.0,562292,,05/11/2017,05/11/2017,False,0.30795,0.3079516574239418,0.31177,0.31177727740170397
2411343,4399971,49003.0,562292,,03/28/2017,03/28/2017,False,0.43599,0.4359904102551069,0.43908,0.4390801795512941
2411344,4400058,49003.0,562292,,03/28/2017,03/28/2017,False,0.40073000000000003,0.4007329658414558,0.40414,0.4041407264651996
2411345,4468383,49003.0,562292,,04/09/2017,04/09/2017,False,0.4068,0.4068024251583273,0.4104,0.41040498484197097
2776833,5063895,1133925.0,745163,,07/05/2017,07/05/2017,True,0.2215,0.22150758977407545,0.2215,0.22150758977407545
2783934,5208152,1151733.0,767255,,08/06/2017,08/06/2017,False,0.10708,0.10708887310333874,0.10594,0.10594366884947172
2783935,5208156,1151733.0,767255,,08/06/2017,08/06/2017,False,0.28698,0.28698445489146673,0.28493,0.2849369113762689
2783936,5208161,1151733.0,767255,,08/06/2017,08/06/2017,False,0.28698,0.28698445489146673,0.28493,0.2849369113762689
2783937,5200548,1151733.0,767255,,08/04/2017,08/04/2017,False,0.12315999999999999,0.12316663116412972,0.12044,0.12044238760258705
2783938,5209083,1151733.0,767255,,08/06/2017,08/06/2017,False,0.13435999999999998,0.13436635780985273,0.13292,0.13292796249042965
2783939,5212884,1151733.0,767255,,08/07/2017,08/07/2017,False,0.26911,0.2691114434954759,0.26818000000000003,0.26818042596457786
2783940,5212888,1151733.0,767255,,08/07/2017,08/07/2017,False,0.26911,0.2691114434954759,0.26818000000000003,0.26818042596457786
2783941,5212910,1151733.0,767255,,08/07/2017,08/07/2017,False,0.28698,0.28698445489146673,0.28493,0.2849369113762689
2999364,5499122,1027185.0,983443,,10/09/2017,10/09/2017,False,0.27725,0.2772537170869128,0.28191,0.28191370822094225
2999365,5499816,1027185.0,983443,,10/09/2017,10/09/2017,False,0.26200999999999997,0.26201062365410777,0.27097,0.2709749920366704
2999366,5499917,1027185.0,983443,,10/09/2017,10/09/2017,False,0.27636,0.276369773644849,0.27909,0.27909887753103685
2999367,5516064,1027185.0,983443,,10/11/2017,10/11/2017,False,0.26609,0.2660967022309996,0.26918000000000003,0.2691897317466317
2999368,5515630,1027185.0,983443,,10/11/2017,10/11/2017,False,0.27745,0.27745014984497385,0.28105,0.2810558457131708
2999369,5523206,1027185.0,983443,,10/12/2017,10/12/2017,False,0.26314,0.2631462511816348,0.26773,0.2677322890434442
2999370,5523237,1027185.0,983443,,10/12/2017,10/12/2017,False,0.26587,0.26587794031579576,0.27098,0.2709836422469869
2999371,5523279,1027185.0,983443,,10/12/2017,10/12/2017,False,0.26695,0.26695549838068644,0.27213000000000004,0.2721338761478486
2999372,5523292,1027185.0,983443,,10/12/2017,10/12/2017,False,0.27716999999999997,0.2771737042738131,0.28239000000000003,0.2823930128910514
2999373,5523312,1027185.0,983443,,10/12/2017,10/12/2017,False,0.27731999999999996,0.2773211633983952,0.28231999999999996,0.2823207297105697
3067127,5077057,930174.0,775740,,07/07/2017,07/07/2017,False,20816.14447,20816.14447159157,19629.08617,19629.08617823281
3067128,5077283,930174.0,775740,,07/07/2017,07/07/2017,False,20801.52722,20801.527221201995,19619.91502,19619.915023792277
3067129,5077323,930174.0,775740,,07/07/2017,07/07/2017,False,17722.67923,17722.67923279224,17514.4557,17514.45570003282
3067130,5080864,930174.0,775740,,07/08/2017,07/08/2017,False,34533.48896,34533.48896686777,32719.67777,32719.677770823735
3067131,5080909,930174.0,775740,,07/08/2017,07/08/2017,False,19026.85309,19026.853099045067,19113.79212,19113.792124593027
3067132,5080929,930174.0,775740,,07/08/2017,07/08/2017,False,23974.15512,23974.155128652692,23803.90649,23803.906496907577
3067178,5218988,653542.0,823319,,08/09/2017,08/09/2017,False,0.0,0.0,0.0,0.0
3067179,5284724,653542.0,823319,,08/25/2017,08/25/2017,False,0.63047,0.6304792670270497,0.63288,0.6328839980503425
3067180,5286865,653542.0,823319,,08/26/2017,08/26/2017,False,0.99556,0.9955689858070048,0.99511,0.9951141331465034
3067181,5306057,653542.0,823319,,08/31/2017,08/31/2017,False,0.9894,0.9894005981383498,0.98954,0.9895496268206296
3067182,5317330,653542.0,823319,,09/03/2017,09/03/2017,False,0.99556,0.9955663291919631,0.9954700000000001,0.9954786251541208
3067183,5344914,653542.0,823319,,09/11/2017,09/11/2017,False,0.9959600000000001,0.9959636049591504,0.99585,0.9958515508483536
3067184,5366746,653542.0,823319,,09/16/2017,09/16/2017,False,0.9965299999999999,0.9965354608071888,0.9964299999999999,0.9964331692860716
3067185,5368889,653542.0,823319,,09/17/2017,09/17/2017,False,0.99651,0.9965185120957591,0.99641,0.9964160953719464
3152127,5788330,547086.0,955906,,11/10/2017,11/10/2017,True,1.28334,1.2833435866052334,4.00266,4.002668350255707
3152128,5859278,547086.0,955906,,11/17/2017,11/17/2017,True,1.11028,1.1102800556886714,3.31161,3.3116180479586697
3327920,6177076,772577.0,1157673,,12/17/2017,12/17/2017,False,0.30005,0.3000577590590865,0.29993000000000003,0.2999374985213928
3327921,6177118,772577.0,1157673,,12/17/2017,12/17/2017,False,0.30061,0.3006176764620747,0.30014,0.30014256673468176
3327922,6177191,772577.0,1157673,,12/17/2017,12/17/2017,False,0.29999000000000003,0.2999957241590861,0.30012,0.3001286479565285
3327923,6177224,772577.0,1157673,,12/18/2017,12/18/2017,False,0.30241,0.3024163915822645,0.30223,0.3022318491572321
3327924,6177261,772577.0,1157673,,12/18/2017,12/18/2017,False,0.3034,0.303404844431706,0.3035,0.3035010687911945
3327925,6194379,772577.0,1157673,,12/20/2017,12/20/2017,False,0.29912,0.29912586470002284,0.30056,0.30056860343292363
3327926,6265782,772577.0,1157673,,12/29/2017,12/29/2017,False,0.29857,0.29857325872112783,0.30332,0.3033268418191877
3327927,6266032,772577.0,1157673,,12/29/2017,12/29/2017,False,0.29834,0.29834897943206923,0.30315,0.3031595785165166
3327928,6288990,772577.0,1157673,,01/02/2018,01/02/2018,False,0.29880999999999996,0.2988156030900576,0.30376,0.3037657262262084
3327929,6237758,772577.0,1157673,,12/25/2017,12/25/2017,False,0.30045,0.300457398825674,0.29979,0.2997949716778363
3327930,6239569,772577.0,1157673,,12/26/2017,12/26/2017,False,0.30526,0.30526196399635075,0.30673,0.3067343673677148
3327931,6252440,772577.0,1157673,,12/27/2017,12/27/2017,False,0.32026,0.320262102340908,0.32477,0.3247792382322418
3327932,6268277,772577.0,1157673,,12/30/2017,12/30/2017,False,0.30048,0.30048379515763823,0.30105,0.30105349276940696
3327933,6268458,772577.0,1157673,,12/30/2017,12/30/2017,False,0.30021,0.30021299757074665,0.30082,0.3008215695152205
3327934,6268580,772577.0,1157673,,12/30/2017,12/30/2017,False,0.30046,0.3004631088132697,0.30093000000000003,0.3009337326738685
3327935,6194397,772577.0,1157673,,12/20/2017,12/20/2017,False,0.30168,0.30168106950007034,0.30301999999999996,0.30302391187178784
3327936,6194524,772577.0,1157673,,12/20/2017,12/20/2017,False,0.2993,0.2993002272269024,0.3006,0.30060317589345115
3327937,6194546,772577.0,1157673,,12/20/2017,12/20/2017,False,0.29908,0.2990834065626869,0.30045,0.3004567475466762
3327938,6194570,772577.0,1157673,,12/20/2017,12/20/2017,False,0.29941,0.2994100305368411,0.30108,0.3010890436490093
3327939,6239123,772577.0,1157673,,12/26/2017,12/26/2017,False,1.46159,1.4615945803040662,1.45633,1.4563309276476324
3327940,6239128,772577.0,1157673,,12/26/2017,12/26/2017,False,1.43624,1.4362490243120272,1.4361700000000002,1.4361701792367365
3336013,6859719,1644317.0,1443691,,03/11/2018,03/11/2018,False,0.5,0.5,0.5,0.5
3346222,6045777,889349.0,1102351,,12/04/2017,01/17/2018,False,0.0995,0.09950657894736842,0.09949,0.09949489016797837
3380034,6339798,1537065.0,1244067,,01/09/2018,01/09/2018,True,0.60933,0.6093344596633078,0.60933,0.6093344596633078
3380035,6339817,1537065.0,1244067,,01/09/2018,01/09/2018,True,0.60663,0.606634284679901,0.60663,0.606634284679901
3380036,6339876,1537065.0,1244067,,01/09/2018,01/09/2018,True,0.60663,0.606634284679901,0.60663,0.606634284679901
3380037,6339897,1537065.0,1244067,,01/09/2018,01/09/2018,True,0.6140100000000001,0.6140107403608278,0.6140100000000001,0.6140107403608278
3380038,6349069,1537065.0,1244067,,01/10/2018,01/10/2018,True,0.53983,0.5398388945875822,0.53983,0.5398388945875822
3380039,6349071,1537065.0,1244067,,01/10/2018,01/10/2018,True,0.60551,0.6055180112230737,0.60551,0.6055180112230737
3380040,6349127,1537065.0,1244067,,01/10/2018,01/10/2018,True,0.60219,0.6021993604054788,0.60219,0.6021993604054788
3380041,6345680,1537065.0,1244067,,01/09/2018,01/09/2018,True,0.6066,0.6066041151270138,0.6066,0.6066041151270138
3380042,6350795,1537065.0,1244067,,01/10/2018,01/10/2018,True,0.6041,0.604100042237374,0.6041,0.604100042237374
3380043,6732766,1537065.0,1244067,,02/25/2018,02/25/2018,True,0.61336,0.6133620949737525,0.61336,0.6133620949737525
3380044,6730540,1537065.0,1244067,,02/25/2018,02/25/2018,True,0.61835,0.6183551559765884,0.61835,0.6183551559765884
3480890,6038812,547086.0,955906,,12/04/2017,12/04/2017,True,1.42285,1.4228526089248013,3.5896,3.5896017722999978
3480891,6038816,547086.0,955906,,12/04/2017,12/04/2017,True,1.07104,1.071047558945514,3.12511,3.1251156983743846
3480892,6037245,547086.0,955906,,12/03/2017,12/03/2017,True,1.23245,1.232454388685031,3.25457,3.2545766131162166
3480893,6037408,547086.0,955906,,12/04/2017,12/04/2017,True,1.2974299999999999,1.2974356125738682,4.41069,4.410695133363291
3480894,6052195,547086.0,955906,,12/05/2017,12/05/2017,True,1.22129,1.2212995443850134,4.001469999999999,4.00147605752084
3480895,6052201,547086.0,955906,,12/05/2017,12/05/2017,True,1.28844,1.288449224597955,2.94029,2.9402913002460225
3480896,6059877,547086.0,955906,,12/05/2017,12/05/2017,True,0.99097,0.9909746836836446,3.39656,3.39656217964566
3480897,6060709,547086.0,955906,,12/05/2017,12/05/2017,True,1.07534,1.0753411709247571,3.6455599999999997,3.6455621036518253
3480898,6060732,547086.0,955906,,12/05/2017,12/05/2017,True,0.9660700000000001,0.9660745964145256,3.1938,3.1938077618955933
3480899,6060761,547086.0,955906,,12/05/2017,12/05/2017,True,0.96925,0.9692513303404292,3.19499,3.194996557924399
3480900,6058378,547086.0,955906,,12/05/2017,12/05/2017,True,1.10233,1.1023318023249016,3.64555,3.645551801993229
3480901,6060462,547086.0,955906,,12/05/2017,12/05/2017,True,1.01811,1.018114308332539,3.34257,3.3425751094329788
3480902,6052327,547086.0,955906,,12/05/2017,12/05/2017,True,1.28844,1.288449224597955,2.94029,2.9402913002460225
3480903,6052332,547086.0,955906,,12/05/2017,12/05/2017,True,1.27219,1.2721913746176556,3.2917400000000003,3.2917420103558683
3480904,6052337,547086.0,955906,,12/05/2017,12/05/2017,True,1.06985,1.0698552405622728,3.1201,3.1201064473841758
3480905,6058059,547086.0,955906,,12/05/2017,12/05/2017,True,1.10233,1.1023318023249016,3.64555,3.645551801993229
3480906,6059575,547086.0,955906,,12/05/2017,12/05/2017,True,1.17077,1.1707767183404696,4.007619999999999,4.0076225910039565
3480907,6059692,547086.0,955906,,12/05/2017,12/05/2017,True,1.08829,1.088291890145845,4.18555,4.185559045372879
3485943,6882287,1424697.0,1431621,,03/13/2018,04/03/2018,False,0.67697,0.6769716355382625,0.67697,0.6769716355382625
3488258,6874781,1504603.0,1454958,,03/12/2018,03/12/2018,False,0.97203,0.97203386542648,0.97262,0.9726236853066036
3488259,6983764,1504603.0,1454958,,03/22/2018,03/22/2018,True,0.5,0.5,0.5,0.5
3499040,6906390,1635676.0,1414696,,03/15/2018,04/03/2018,False,0.62487,0.6248781809797171,0.62487,0.6248781809797171
3540665,6775997,1027185.0,983443,,03/02/2018,03/02/2018,True,0.22849,0.2284919549824294,0.2332,0.23320747806148254
3540666,6974308,1027185.0,983443,,03/21/2018,03/21/2018,True,0.25832,0.2583237716405516,0.26277,0.262778279816789
3547635,6073054,711843.0,1171991,,12/06/2017,01/17/2018,False,0.73793,0.7379385964912281,0.74533,0.7453306707388699
3552803,6314164,117915.0,1180926,,01/05/2018,01/05/2018,False,1.89883,1.8988331788924708,1.9006599999999998,1.900661230482676
3552804,6314221,117915.0,1180926,,01/05/2018,01/05/2018,False,0.79499,0.7949969113299014,0.8103600000000001,0.8103657887154685
3552805,6337286,117915.0,1180926,2103067.0,01/08/2018,01/08/2018,False,1.21802,1.2180213985446835,1.25195,1.2519501008729266
3552806,6406511,117915.0,1180926,,01/17/2018,01/17/2018,False,1.3014700000000001,1.3014769822195449,1.31769,1.3176982007782223
3552807,6453463,117915.0,1180926,,01/23/2018,01/23/2018,False,0.89689,0.8968942757106313,0.8216,0.8216061098645188
3552808,6454518,117915.0,1180926,,01/23/2018,01/23/2018,False,0.9052100000000001,0.9052109304137032,0.76595,0.7659560926335172
3552809,6288579,117915.0,1180926,,01/02/2018,01/02/2018,False,3.41755,3.4175541662129736,3.36796,3.3679614400770683
3552810,6288903,117915.0,1180926,,01/02/2018,01/02/2018,False,1.5011299999999999,1.5011316383385929,1.51867,1.5186737008593534
3552811,6295615,117915.0,1180926,,01/03/2018,01/03/2018,False,1.4067100000000001,1.40671429436393,1.48316,1.4831610224374514
3552812,6294743,117915.0,1180926,,01/03/2018,01/03/2018,False,1.39739,1.397395126899828,1.37847,1.3784792306479199
3579012,6924480,1218419.0,1478411,,03/17/2018,03/17/2018,False,0.90971,0.9097173585015628,0.88335,0.8833595836217996
3579013,6923820,1218419.0,1478411,,03/16/2018,03/16/2018,False,0.91519,0.915193743795504,0.8931899999999999,0.8931993943240564
3594224,6777576,1683887.0,1431431,,03/02/2018,03/02/2018,False,83.13678,83.13678207151922,96.41776999999999,96.41777437244444
3594225,6777872,1683887.0,1431431,,03/02/2018,03/02/2018,False,83.13678,83.13678207151922,96.41776999999999,96.41777437244444
3594932,6793171,467556.0,1435700,,03/04/2018,03/04/2018,False,0.9772200000000001,0.9772244000245603,0.97611,0.9761190372043229
3594933,6794885,467556.0,1435700,,03/04/2018,03/04/2018,False,0.9833700000000001,0.9833715744567708,0.9824299999999999,0.982430233645794
3608387,6236905,51148.0,1182874,,12/25/2017,12/25/2017,False,0.1995,0.19950586014173916,0.19891,0.1989122546838732
3608388,6308181,51148.0,1182874,,01/04/2018,01/04/2018,False,0.1995,0.19950586014173916,0.19891,0.1989122546838732
3608389,6308188,51148.0,1182874,,01/04/2018,01/04/2018,False,0.36546999999999996,0.3654701887776238,0.37008,0.3700863366292571
3699230,7293908,1366342.0,1572927,,04/25/2018,04/25/2018,True,0.43128,0.4312862357741035,0.43404,0.4340434342504832
3699231,7294037,1366342.0,1572927,,04/25/2018,04/25/2018,True,0.43627,0.4362787202061413,0.44256999999999996,0.4425784485138493
3699741,7634313,1473534.0,1283274,,06/06/2018,06/06/2018,True,0.9611700000000001,0.9611782432742868,0.9641799999999999,0.9641858209016392
3699742,7639982,1473534.0,1283274,,06/07/2018,06/07/2018,True,0.96547,0.96547092219427,0.9667100000000001,0.966714386746436
3699743,7643086,1473534.0,1283274,,06/07/2018,06/07/2018,True,0.90904,0.9090493735414236,0.9124200000000001,0.9124205550177248
3845283,7244520,1129176.0,1479058,,04/19/2018,05/31/2018,False,0.16322,0.1632208922742111,0.16905,0.1690517742873764
3845284,7295996,1129176.0,1479058,,04/25/2018,05/31/2018,False,0.16403,0.16403699673558214,0.16927999999999999,0.16928446771378708
3845285,7296234,1129176.0,1479058,,04/25/2018,05/31/2018,False,0.14553,0.1455386289445049,0.14904,0.14904013961605586
3845286,7190242,1129176.0,1479058,,04/13/2018,05/31/2018,False,0.15424000000000002,0.15424374319912948,0.15927,0.15927865037812686
3845287,7197454,1129176.0,1479058,,04/14/2018,05/31/2018,False,0.19368,0.1936887921653972,0.19418,0.1941826643397324
3845288,7243072,1129176.0,1479058,,04/19/2018,05/31/2018,False,0.99319,0.9931991294885746,0.99139,0.9913903432228041
3845289,7243256,1129176.0,1479058,,04/19/2018,05/31/2018,False,0.16866,0.16866158868335146,0.17137,0.17137870855148346
3845290,7244082,1129176.0,1479058,,04/19/2018,05/31/2018,False,0.15941,0.15941240478781285,0.1687,0.16870273414776032
3845291,7244140,1129176.0,1479058,,04/19/2018,05/31/2018,False,0.14445,0.14445048966267682,0.15183,0.1518324607329843
3845292,7190025,1129176.0,1479058,,04/13/2018,05/31/2018,False,0.22551,0.22551686615886835,0.23234000000000002,0.23234438627108786
3845293,7197694,1129176.0,1479058,,04/14/2018,05/31/2018,False,0.15233,0.15233949945593034,0.15648,0.15648632926119838
3845294,7151530,1129176.0,1479058,,04/09/2018,05/31/2018,False,0.17082999999999998,0.1708378672470076,0.17463,0.17463641652123327
3845295,7162165,1129176.0,1479058,,04/10/2018,05/31/2018,False,0.1896,0.1896082698585419,0.19057000000000002,0.1905759162303665
3845296,7173495,1129176.0,1479058,,04/11/2018,05/31/2018,False,0.19668,0.1966811751904244,0.20232,0.20232693426410706
3845297,7162443,1129176.0,1479058,,04/10/2018,05/31/2018,False,0.17709,0.17709466811751906,0.18406,0.1840605002908668
3845298,7162855,1129176.0,1479058,,04/10/2018,05/31/2018,False,0.16594,0.16594124047878128,0.1666,0.166608493310064
3845299,7181647,1129176.0,1479058,,04/12/2018,05/31/2018,False,0.15533,0.15533188248095756,0.15799000000000002,0.15799883653286795
3845300,7150689,1129176.0,1479058,,04/09/2018,05/31/2018,False,0.176,0.17600652883569096,0.17835,0.17835951134380454
3845301,7150943,1129176.0,1479058,,04/09/2018,05/31/2018,False,0.17627,0.17627856365614802,0.17684,0.17684700407213494
3845302,7097279,1129176.0,1479058,,04/03/2018,05/31/2018,False,0.18498,0.18498367791077255,0.18638,0.18638743455497386
3845303,7106009,1129176.0,1479058,,04/04/2018,05/31/2018,False,0.176,0.17600652883569096,0.17835,0.17835951134380454
3845304,7106107,1129176.0,1479058,,04/04/2018,05/31/2018,False,0.23176999999999998,0.23177366702937974,0.22826999999999997,0.2282722513089005
3845305,7096934,1129176.0,1479058,,04/03/2018,05/31/2018,False,0.9904700000000001,0.9904787812840044,0.99418,0.9941826643397323
3845306,7097046,1129176.0,1479058,,04/03/2018,05/31/2018,False,0.99156,0.9915669205658324,0.9924299999999999,0.992437463641652
4125164,8391889,969046.0,2064389,,09/11/2018,09/11/2018,True,0.72796,0.7279693486590039,0.72796,0.7279693486590039
4125165,8391899,969046.0,2064389,,09/11/2018,09/11/2018,True,0.72796,0.7279693486590039,0.72796,0.7279693486590039
4125166,8391906,969046.0,2064389,,09/11/2018,09/11/2018,True,0.87629,0.8762999452654625,0.87629,0.8762999452654625
4125167,8392052,969046.0,2064389,,09/11/2018,09/11/2018,True,0.8812200000000001,0.8812260536398467,0.8812200000000001,0.8812260536398467
4125168,8392070,969046.0,2064389,,09/11/2018,09/11/2018,True,0.8806700000000001,0.8806787082649151,0.8806700000000001,0.8806787082649151
4125169,8392130,969046.0,2064389,,09/11/2018,09/11/2018,True,0.8812200000000001,0.8812260536398467,0.8812200000000001,0.8812260536398467
4125170,8392893,969046.0,2064389,,09/11/2018,09/11/2018,True,0.8779399999999999,0.8779419813902573,0.8779399999999999,0.8779419813902573
4125171,8392277,969046.0,2064389,,09/11/2018,09/11/2018,True,0.72796,0.7279693486590039,0.72796,0.7279693486590039
4125172,8392513,969046.0,2064389,,09/11/2018,09/11/2018,True,0.87903,0.8790366721401204,0.87903,0.8790366721401204
4125173,8392611,969046.0,2064389,,09/11/2018,09/11/2018,True,0.93814,0.9381499726327313,0.93814,0.9381499726327313
4125174,8392630,969046.0,2064389,,09/11/2018,09/11/2018,True,0.9633200000000001,0.9633278598795841,0.9633200000000001,0.9633278598795841
4125175,8392661,969046.0,2064389,,09/11/2018,09/11/2018,True,0.9228200000000001,0.922824302134647,0.9228200000000001,0.922824302134647
4125176,8392868,969046.0,2064389,,09/11/2018,09/11/2018,True,0.8812200000000001,0.8812260536398467,0.8812200000000001,0.8812260536398467
4145716,8134062,2140264.0,1975206,,08/10/2018,08/10/2018,True,0.62183,0.6218395029440247,0.62183,0.6218395029440247
4145717,8135056,2140264.0,1975206,,08/10/2018,08/10/2018,True,0.64551,0.6455189329412679,0.64551,0.6455189329412679
4145718,8134237,2140264.0,1975206,,08/10/2018,08/10/2018,True,0.64653,0.6465314936418963,0.64653,0.6465314936418963
4150606,8375129,1405535.0,2075021,,09/09/2018,09/09/2018,True,1.68802,1.6880243534830393,1.68802,1.6880243534830393
4150607,8375169,1405535.0,2075021,,09/09/2018,09/09/2018,True,1.6256,1.6256078860284122,1.6256,1.6256078860284122
4150608,8375393,1405535.0,2075021,,09/09/2018,09/09/2018,True,1.38925,1.389256879964694,1.38925,1.389256879964694
4150609,8427122,1405535.0,2075021,,09/16/2018,09/16/2018,True,0.43018999999999996,0.4301964714202535,0.43018999999999996,0.4301964714202535
4150610,8427250,1405535.0,2075021,,09/16/2018,09/16/2018,True,0.45366000000000006,0.4536693580678898,0.45366000000000006,0.4536693580678898
4150611,8427269,1405535.0,2075021,,09/16/2018,09/16/2018,True,0.43018999999999996,0.4301964714202535,0.43018999999999996,0.4301964714202535
4150612,8427741,1405535.0,2075021,,09/16/2018,09/16/2018,True,0.42577,0.4257738550730956,0.42577,0.4257738550730956
4150613,8427388,1405535.0,2075021,,09/16/2018,09/16/2018,True,1.89323,1.8932393502527158,1.89323,1.8932393502527158
4150614,8427435,1405535.0,2075021,,09/16/2018,09/16/2018,True,0.42033999999999994,0.4203426360823984,0.42033999999999994,0.4203426360823984
4150615,8427462,1405535.0,2075021,,09/16/2018,09/16/2018,True,0.42033999999999994,0.4203426360823984,0.42033999999999994,0.4203426360823984
4150616,8427468,1405535.0,2075021,,09/16/2018,09/16/2018,True,0.42161000000000004,0.4216185573854998,0.42161000000000004,0.4216185573854998
4150617,8427668,1405535.0,2075021,,09/16/2018,09/16/2018,True,0.42196000000000006,0.4219686684973815,0.42196000000000006,0.4219686684973815
4150618,8427677,1405535.0,2075021,,09/16/2018,09/16/2018,True,0.42196000000000006,0.4219686684973815,0.42196000000000006,0.4219686684973815
4419487,9646097,841938.0,2540277,8924698.0,12/29/2018,,False,0.36679,0.3667934093789607,0.38968,0.3896857209248287
4419488,9639385,841938.0,2540277,,12/28/2018,02/21/2019,False,0.24225,0.24225813265737225,0.25592,0.2559283141628905
4419489,9635754,841938.0,2540277,,12/28/2018,,False,0.23779,0.2377904520490071,0.25082,0.2508278145695364
4419490,9635757,841938.0,2540277,,12/28/2018,02/21/2019,False,0.32642,0.3264258555133077,0.36605,0.3660508888114323
4419491,9651401,841938.0,2540277,,12/30/2018,02/21/2019,False,0.33904,0.3390473172792561,0.36808,0.3680870221912394
4419492,9652955,841938.0,2540277,,12/30/2018,02/21/2019,False,0.37438,0.3743874102239121,0.40192,0.4019228534913442
4419493,9883181,841938.0,2540277,,01/24/2019,02/21/2019,False,0.8988799999999999,0.8988804393747362,0.91174,0.9117433484373181
4419494,9892246,841938.0,2540277,,01/25/2019,02/21/2019,False,0.89504,0.8950464723278412,0.91105,0.9110549552689666
4419495,9918855,841938.0,2540277,,01/28/2019,02/21/2019,False,0.90559,0.9055978031263204,0.91415,0.9141512722202858
4419496,9972057,841938.0,2540277,,02/02/2019,02/21/2019,False,0.9041799999999999,0.9041825095057032,0.91501,0.9150197513651668
4419497,9782694,841938.0,2540277,,01/13/2019,02/21/2019,False,0.8985700000000001,0.8985741444866924,0.90797,0.9079731613802718
4419498,9844841,841938.0,2540277,,01/20/2019,,False,0.00044,0.0004435994930291508,0.00055,0.0005576856047403276
4419499,9859508,841938.0,2540277,,01/21/2019,,False,0.81496,0.8149662019433885,0.8402,0.8402027419542227
4419500,9888139,841938.0,2540277,,01/24/2019,02/21/2019,False,0.8941399999999999,0.8941487114490914,0.91094,0.9109416753805036
4419501,9707681,841938.0,2540277,,01/05/2019,02/21/2019,False,0.55829,0.5582910857625697,0.60797,0.6079789706053229
4419502,9707684,841938.0,2540277,9177514.0,01/05/2019,02/21/2019,False,0.8229700000000001,0.8229721166032954,0.8409399999999999,0.8409492273730684
4419503,9709341,841938.0,2540277,,01/05/2019,02/21/2019,False,0.7611399999999999,0.7611427967891848,0.79724,0.7972406181015455
4419504,9729184,841938.0,2540277,,01/07/2019,02/21/2019,False,0.8293799999999999,0.8293831854668356,0.85272,0.8527245265481579
4419505,9765063,841938.0,2540277,,01/11/2019,02/21/2019,False,0.89197,0.8919729615547107,0.90005,0.9000551876379689
4419506,9774475,841938.0,2540277,,01/12/2019,02/21/2019,False,0.00196,0.0019645120405576678,0.00162,0.0016294876263506445
4419507,9654697,841938.0,2540277,,12/30/2018,02/21/2019,False,0.20835,0.20835445711871564,0.2208,0.22080283490182426
4419508,9660108,841938.0,2540277,9001866.0,12/30/2018,02/21/2019,False,0.50944,0.5094423320659068,0.5252,0.5252004182642037
4419509,9668842,841938.0,2540277,,12/31/2018,02/21/2019,False,0.51777,0.5177756653992399,0.53923,0.5392326013709786
4419510,9677765,841938.0,2540277,,01/02/2019,02/21/2019,False,0.16682,0.16682509505703422,0.17582,0.17582200534448714
4419511,9680991,841938.0,2540277,,01/02/2019,02/21/2019,False,0.50426,0.5042670046472334,0.52347,0.5234779830370634
4419512,9684506,841938.0,2540277,,01/02/2019,02/21/2019,False,0.41105,0.41105830164765533,0.4292,0.4292029743232253
4422274,9395371,2199922.0,2473229,,12/06/2018,02/21/2019,False,0.2185,0.21850443599493008,0.21325,0.213256651562682
4463371,9643207,879295.0,2188557,,12/29/2018,12/29/2018,False,0.17951,0.17951258432641026,0.17217000000000002,0.17217340721545246
4463372,9722896,879295.0,2188557,,01/06/2019,01/06/2019,False,0.18791,0.18791547924668645,0.1829,0.1829046157855557
4463373,9723589,879295.0,2188557,,01/07/2019,01/07/2019,False,0.18791,0.18791547924668645,0.1829,0.1829046157855557
4463374,9723607,879295.0,2188557,,01/07/2019,01/07/2019,False,0.18739,0.18739974948907945,0.18267,0.18267156987551145
4463375,9723615,879295.0,2188557,,01/07/2019,01/07/2019,False,0.18524000000000002,0.18524591498230367,0.18167,0.18167778105563565
4463376,9635652,879295.0,2188557,,12/28/2018,12/28/2018,False,0.18871,0.18871755253957528,0.18336,0.1833670107561436
4463377,9635661,879295.0,2188557,,12/28/2018,12/28/2018,False,0.18871,0.18871755253957528,0.18336,0.1833670107561436
4463378,9635672,879295.0,2188557,,12/28/2018,12/28/2018,False,0.18809,0.18809909171651085,0.18293,0.18293067036393268
4463379,9635688,879295.0,2188557,,12/28/2018,12/28/2018,False,0.18809,0.18809909171651085,0.18293,0.18293067036393268
4463380,9643185,879295.0,2188557,,12/29/2018,12/29/2018,False,0.17743,0.17743293159683785,0.17142000000000002,0.1714236904145136
4471130,9283884,2302086.0,2450280,7892533.0,11/29/2018,11/29/2018,False,3.88205,3.8820557946651966,3.76727,3.767275343835459
4471131,9346531,2302086.0,2450280,8035110.0,12/03/2018,12/03/2018,False,3.72076,3.720761621835369,3.64214,3.6421469518648846
4471132,9372055,2302086.0,2450280,8093714.0,12/05/2018,12/05/2018,False,3.72166,3.721664866852199,3.64309,3.643099750890087
4471133,9389340,2302086.0,2450280,8133136.0,12/06/2018,12/06/2018,False,3.73317,3.7331777253129994,3.6505400000000003,3.650544042748452
4471134,9390728,2302086.0,2450280,8135527.0,12/06/2018,12/06/2018,False,3.73311,3.7331105900240864,3.64817,3.648179889699983
4471135,9407475,2302086.0,2450280,8179325.0,12/07/2018,12/07/2018,False,3.8839900000000003,3.8839913883567436,3.76712,3.7671260762010967
4471136,9410290,2302086.0,2450280,8179325.0,12/07/2018,12/07/2018,False,3.8839900000000003,3.8839913883567436,3.76712,3.7671260762010967
4549182,9765843,2642911.0,2610323,,01/11/2019,01/11/2019,False,0.00618,0.006189660489533215,0.00367,0.003673211428745325
4549183,9766920,2642911.0,2610323,,01/11/2019,01/11/2019,False,-0.0064,-0.00640315858691349,-0.00458,-0.004588037715706692
4549184,9773240,2642911.0,2610323,,01/12/2019,01/12/2019,False,-0.00701,-0.007015518262529592,-0.00688,-0.006884032529434558
4549185,9773690,2642911.0,2610323,,01/12/2019,01/12/2019,False,0.00457,0.004570838688510684,0.01848,0.01848304033890101
4549186,9950972,2642911.0,2610323,,01/31/2019,01/31/2019,False,0.0504,0.05040311653658056,0.04626,0.04626647783034464
4549187,9951237,2642911.0,2610323,,01/31/2019,01/31/2019,False,0.059539999999999996,0.0595414216873534,0.05969,0.0596911977439413
4549188,9962652,2642911.0,2610323,,02/01/2019,02/01/2019,False,-0.03304,-0.033041294019169234,-0.02433,-0.024330927868628584
4549189,9961770,2642911.0,2610323,,02/01/2019,02/01/2019,False,0.07579,0.07579128953929168,0.04612,0.04612913392870821
4549190,9980145,2642911.0,2610323,,02/03/2019,02/03/2019,False,0.28105,0.28105448881920697,0.4091,0.40910295369068295
4675736,9995680,2266327.0,2645501,10248096.0,02/04/2019,02/04/2019,False,1.91745,1.9174528522827787,2.7770099999999998,2.7770124781175176
4675737,9985515,2266327.0,2645501,10213274.0,02/03/2019,02/03/2019,False,1.5734,1.5734061769279832,2.54448,2.5444802235250785
4675738,9984517,2266327.0,2645501,10209923.0,02/03/2019,02/03/2019,False,1.60964,1.6096498507831387,2.6226599999999998,2.6226697568734925
4803325,9438436,1314367.0,2483592,,12/09/2018,12/09/2018,False,1518043.4728700002,1518043.4728759998,1518043.4728700002,1518043.4728759998
4803326,9523375,1314367.0,2483592,,12/16/2018,12/16/2018,False,1518012.01342,1518012.0134262943,1518012.01342,1518012.0134262943
4803327,9566973,1314367.0,2483592,,12/20/2018,12/20/2018,False,1517948.69083,1517948.6908351628,1517948.69083,1517948.6908351628
4803328,9566720,1314367.0,2483592,,12/20/2018,12/20/2018,False,1517951.78501,1517951.7850145404,1517951.78501,1517951.7850145404
4803329,9591852,1314367.0,2483592,,12/23/2018,12/23/2018,False,1516774.6045600001,1516774.6045630975,1516774.6045600001,1516774.6045630975
4803330,9592640,1314367.0,2483592,,12/23/2018,12/23/2018,False,1516761.77629,1516761.7762980696,1516761.77629,1516761.7762980696
4803331,9667733,1314367.0,2483592,,12/31/2018,12/31/2018,False,1516517.7250299999,1516517.7250388784,1516517.7250299999,1516517.7250388784
4803332,9672703,1314367.0,2483592,,01/01/2019,01/01/2019,False,1516242.65761,1516242.6576197054,1516242.65761,1516242.6576197054
4803333,9657348,1314367.0,2483592,,12/30/2018,12/30/2018,False,1516697.3833700002,1516697.3833748626,1516697.3833700002,1516697.3833748626
4803334,9676404,1314367.0,2483592,,01/02/2019,01/02/2019,False,1516242.65761,1516242.6576197054,1516242.65761,1516242.6576197054
4803335,9759542,1314367.0,2483592,,01/10/2019,01/10/2019,False,1515602.4678,1515602.467803456,1515602.4678,1515602.467803456
4803336,9761267,1314367.0,2483592,,01/10/2019,01/10/2019,False,1515600.8132,1515600.8132001788,1515600.8132,1515600.8132001788
4803337,9613327,1314367.0,2483592,,12/25/2018,12/25/2018,False,1516748.26665,1516748.2666538113,1516748.26665,1516748.2666538113
4803338,9613506,1314367.0,2483592,,12/25/2018,12/25/2018,False,1516747.68415,1516747.6841528532,1516747.68415,1516747.6841528532
4803339,9613682,1314367.0,2483592,,12/25/2018,12/25/2018,False,1516742.27391,1516742.2739110272,1516742.27391,1516742.2739110272
4803340,9621479,1314367.0,2483592,,12/26/2018,12/26/2018,False,1516737.71087,1516737.71087325,1516737.71087,1516737.71087325
4803341,9624618,1314367.0,2483592,,12/27/2018,12/27/2018,False,1516737.40802,1516737.4080211397,1516737.40802,1516737.4080211397
4803342,9648062,1314367.0,2483592,,12/29/2018,12/29/2018,False,1516713.7760299998,1516713.7760386546,1516713.7760299998,1516713.7760386546
4861579,10056270,841938.0,2540277,,02/11/2019,02/21/2019,False,0.90781,0.9078158005914662,0.91415,0.9141512722202858
4861580,10056280,841938.0,2540277,,02/11/2019,02/21/2019,False,0.91399,0.9139945078158008,0.9216200000000001,0.9216248402463104
4861581,10064885,841938.0,2540277,,02/12/2019,02/21/2019,False,0.92181,0.9218103084072669,0.92791,0.9279133263622628
4861582,10077169,841938.0,2540277,,02/13/2019,02/21/2019,False,0.9243399999999999,0.9243451626531476,0.92845,0.9284506796793304
4861583,10061111,841938.0,2540277,,02/12/2019,,False,0.91758,0.9175855513307988,0.92371,0.9237161612640864
4861584,10061138,841938.0,2540277,,02/12/2019,,False,0.9191600000000001,0.9191698352344742,0.92589,0.9258946206576036
4861585,10247970,841938.0,2540277,,02/27/2019,02/27/2019,False,0.92269,0.9226975073933248,0.92527,0.9252701289647958
4861586,10240187,841938.0,2540277,,02/26/2019,02/26/2019,False,0.9204,0.9204055766793409,0.9288700000000001,0.9288747531079348
4861587,10240233,841938.0,2540277,,02/26/2019,02/26/2019,False,0.7072,0.7072032108153784,0.69944,0.6994423143952604
4861588,10224284,841938.0,2540277,,02/25/2019,02/25/2019,False,0.92532,0.9253274186734264,0.92929,0.92929301731149
4861589,10061153,841938.0,2540277,,02/12/2019,02/21/2019,False,0.92075,0.9207541191381498,0.92714,0.9271436040432198
4861590,10061160,841938.0,2540277,,02/12/2019,02/21/2019,False,0.9243399999999999,0.9243451626531476,0.92827,0.9282764029278492
4861591,10076495,841938.0,2540277,,02/13/2019,02/21/2019,False,0.92435,0.9243557245458386,0.9302799999999999,0.9302805855698844
4861592,10076968,841938.0,2540277,,02/13/2019,,False,0.92266,0.9226658217152516,0.9295399999999999,0.9295428139886132
4861593,10077004,841938.0,2540277,,02/13/2019,02/21/2019,False,0.92174,0.9217469370511197,0.92909,0.9290955036598108
4861594,10077047,841938.0,2540277,,02/13/2019,02/21/2019,False,0.9249700000000001,0.9249788762146178,0.9281799999999999,0.9281892645521084
4889565,10281742,1312237.0,2769175,11041542.0,03/01/2019,03/01/2019,False,0.85872,0.8587247502655029,0.8570399999999999,0.8570493325314857
4889566,10281770,1312237.0,2769175,11041764.0,03/01/2019,03/01/2019,False,0.86101,0.8610189585276312,0.86005,0.8600500278060066
4889567,10281840,1312237.0,2769175,11041992.0,03/01/2019,03/01/2019,False,0.89495,0.8949568838489751,0.89495,0.8949596900841847
4889568,10323445,1312237.0,2769175,11159921.0,03/05/2019,03/05/2019,False,0.8388100000000001,0.8388184287796209,0.8368700000000001,0.8368780639991518
4889569,10345817,1312237.0,2769175,11210738.0,03/06/2019,03/06/2019,False,0.8971,0.8971097960254524,0.89704,0.8970436594097466
4889570,10736133,1312237.0,2769175,12257399.0,04/03/2019,04/03/2019,False,0.82985,0.8298509544628754,0.8298,0.8298096477036524
4889571,10817013,1312237.0,2769175,,04/10/2019,04/10/2019,False,0.9005700000000001,0.9005798790995722,0.8992600000000001,0.8992600567958825
4889572,10751803,1312237.0,2769175,12500345.0,04/05/2019,04/05/2019,False,0.89631,0.8963126852006591,0.8942700000000001,0.8942792383570253
4889573,10751844,1312237.0,2769175,,04/05/2019,04/05/2019,False,0.89631,0.8963126852006591,0.8942700000000001,0.8942792383570253
4889574,10760158,1312237.0,2769175,,04/06/2019,04/06/2019,False,0.895,0.8950043801247459,0.8931899999999999,0.8931903992318635
4889575,10766800,1312237.0,2769175,12558670.0,04/06/2019,04/06/2019,False,0.90104,0.901044037549574,0.8997799999999999,0.8997809752908847
4889576,10758478,1312237.0,2769175,,04/05/2019,04/05/2019,False,0.89513,0.8951355772150852,0.89351,0.8935158122946039
4889577,10799627,1312237.0,2769175,12685314.0,04/09/2019,04/09/2019,False,0.89979,0.8997946867065235,0.899,0.8990009388169081
4968236,10400164,1174742.0,2856324,,03/10/2019,03/10/2019,False,0.84911,0.8491180001114124,0.8499700000000001,0.8499721247093356
4968237,10400438,1174742.0,2856324,,03/10/2019,03/10/2019,False,0.62858,0.6285864461419861,0.629,0.629001341552769
4991606,10628719,2343529.0,2902106,,03/26/2019,03/26/2019,False,0.8998200000000001,0.8998222433067201,0.8991399999999999,0.899140390772101
4991607,10628327,2343529.0,2902106,,03/26/2019,03/26/2019,False,0.49683,0.4968351105408713,0.49527,0.49527655411451793
4991608,10734096,2343529.0,2902106,,04/03/2019,04/03/2019,False,0.9011100000000001,0.9011197530597981,0.8998299999999999,0.8998311884761904
4991609,10734135,2343529.0,2902106,,04/03/2019,04/03/2019,False,0.9011100000000001,0.9011158491332296,0.89986,0.8998618733247024
4991610,10575236,2343529.0,2902106,,03/22/2019,03/22/2019,False,0.9008799999999999,0.9008828938832794,0.8998700000000001,0.899872599031629
4991611,10572257,2343529.0,2902106,,03/22/2019,03/22/2019,False,0.8952899999999999,0.8952902607589341,0.8941399999999999,0.8941426021774811
4991612,10615616,2343529.0,2902106,,03/25/2019,03/25/2019,False,0.8829299999999999,0.8829392973111875,0.8821200000000001,0.8821265105437208
4991613,10615626,2343529.0,2902106,,03/25/2019,03/25/2019,False,0.89581,0.8958172683834958,0.89481,0.8948166651139929
4991614,10615654,2343529.0,2902106,,03/25/2019,03/25/2019,False,0.89923,0.8992375168690958,0.8981,0.8981011919062847
4991615,10628656,2343529.0,2902106,,03/26/2019,03/26/2019,False,0.8952600000000001,0.8952623133168371,0.89533,0.8953301044825087
4991616,10545893,2343529.0,2902106,,03/20/2019,03/20/2019,False,0.8957200000000001,0.895720620369422,0.8949299999999999,0.8949313346904484
4991617,10545989,2343529.0,2902106,,03/20/2019,03/20/2019,False,0.8957200000000001,0.895720620369422,0.8949299999999999,0.8949313346904484
4991618,10560413,2343529.0,2902106,,03/21/2019,03/21/2019,False,0.89631,0.896319280096174,0.89554,0.8955456889710918
4991619,10557456,2343529.0,2902106,,03/21/2019,03/21/2019,False,0.8935299999999999,0.8935351604967555,0.89259,0.8925961684204063
4991620,10557632,2343529.0,2902106,,03/21/2019,03/21/2019,False,0.89474,0.8947487470597009,0.89374,0.8937405369508287
4991621,10574931,2343529.0,2902106,,03/22/2019,03/22/2019,False,0.8887700000000001,0.8887736189803609,0.8874799999999999,0.8874843986487404
4991622,10471583,2343529.0,2902106,,03/15/2019,03/15/2019,False,0.90056,0.9005630324659338,0.8990299999999999,0.8990334667993226
4991623,10511782,2343529.0,2902106,,03/18/2019,03/18/2019,False,0.8569399999999999,0.8569449842854602,0.8554200000000001,0.8554228157166683
4991624,10513393,2343529.0,2902106,,03/18/2019,03/18/2019,False,0.89554,0.8955410307624022,0.89456,0.8945649640834936
4991625,10539910,2343529.0,2902106,,03/20/2019,03/20/2019,False,0.9010799999999999,0.901081127098192,0.89989,0.8998998196766615
4991626,10542442,2343529.0,2902106,,03/20/2019,03/20/2019,False,0.8962700000000001,0.8962727721562433,0.89559,0.8955903372243977
5000218,10993707,2777194.0,3034629,,04/24/2019,04/24/2019,True,0.0,0.0,0.0016,0.0016096394407652688
5057190,10004723,2266327.0,2645501,10288001.0,02/05/2019,02/05/2019,False,1.5926200000000001,1.5926285578437311,2.5430099999999998,2.5430181388080637
5057191,10018916,2266327.0,2645501,10332157.0,02/07/2019,02/07/2019,False,1.53952,1.5395206759141284,2.54908,2.5490851504260705
5057192,10032435,2266327.0,2645501,10375419.0,02/08/2019,02/08/2019,False,1.90498,1.904986901570462,2.80049,2.8004923607044767
5057193,10040973,2266327.0,2645501,10397383.0,02/09/2019,02/09/2019,False,1.5578299999999998,1.5578342757483912,2.59443,2.5944398302467
5057194,10048605,2266327.0,2645501,10419885.0,02/10/2019,02/10/2019,False,1.56948,1.5694833064800944,2.52772,2.527722057706952
5057195,10048836,2266327.0,2645501,10426136.0,02/10/2019,02/10/2019,False,1.57582,1.5758256620709852,2.6526,2.6526007002098457
5057196,10138475,2266327.0,2645501,10631361.0,02/18/2019,02/18/2019,False,1.90537,1.9053700105271207,2.80156,2.8015672044991566
5057197,10058625,2266327.0,2645501,10453357.0,02/11/2019,02/11/2019,False,1.58615,1.5861510540080341,2.68785,2.6878578139193388
5057198,10098691,2266327.0,2645501,10555786.0,02/15/2019,02/15/2019,False,1.61751,1.6175109979210802,2.42275,2.422755407537218
5057199,10097310,2266327.0,2645501,10547199.0,02/15/2019,02/15/2019,False,1.57829,1.5782963960459275,2.5107,2.510707058872856
5057200,10110645,2266327.0,2645501,10566836.0,02/16/2019,02/16/2019,False,1.6296,1.6296058587227318,2.6492299999999998,2.649239667634109
5057201,10123261,2266327.0,2645501,10597750.0,02/17/2019,02/17/2019,False,1.7117799999999999,1.7117823142136592,2.61068,2.6106864449663325
5057202,10125429,2266327.0,2645501,10597750.0,02/17/2019,02/17/2019,False,1.7117799999999999,1.7117823142136592,2.61068,2.6106864449663325
5085159,10409426,2844610.0,2878522,,03/11/2019,03/11/2019,False,17.60964,17.60964075752642,17.550729999999998,17.550736932049965
5085160,10409857,2844610.0,2878522,,03/11/2019,03/11/2019,False,18.638170000000002,18.63817848478731,18.24776,18.24776560297246
5085161,10410020,2844610.0,2878522,,03/11/2019,03/11/2019,False,18.065920000000002,18.065924606335987,17.88091,17.880917354205998
5161263,10435338,2844610.0,2878522,,03/12/2019,03/12/2019,False,18.04692,18.046925829021326,17.84207,17.842078904235148
5161264,10435552,2844610.0,2878522,,03/12/2019,03/12/2019,False,18.72417,18.724175693475466,18.27873,18.278738842970675
5161265,10503035,2844610.0,2878522,,03/17/2019,03/17/2019,False,18.70186,18.701862324908674,18.34292,18.342927466143752
5161266,10455633,2844610.0,2878522,,03/14/2019,03/14/2019,False,18.17746,18.177464880741347,18.158079999999998,18.15808808994446
5161267,10455377,2844610.0,2878522,,03/14/2019,03/14/2019,False,18.1917,18.191708776440407,18.033360000000002,18.033368857816914
5161268,10455568,2844610.0,2878522,,03/14/2019,03/14/2019,False,17.84637,17.846374459192916,17.88276,17.88276755702179
5161269,10494817,2844610.0,2878522,,03/17/2019,03/17/2019,False,18.70186,18.701862324908674,18.34292,18.342927466143752
5161270,10508636,2844610.0,2878522,,03/18/2019,03/18/2019,False,18.22629,18.226291442058265,18.06537,18.06537544562631
5161271,10508654,2844610.0,2878522,,03/18/2019,03/18/2019,False,18.17829,18.178298368566466,18.14322,18.143224827581047
5215516,10014638,2642911.0,2610323,,02/07/2019,02/07/2019,False,0.25311999999999996,0.2531295819665217,0.3677,0.36770064448160655
5215517,10014664,2642911.0,2610323,,02/07/2019,02/07/2019,False,0.29074,0.29074223790578885,0.40826,0.408262413514052
5250179,10199436,223737.0,2719164,,02/23/2019,02/23/2019,False,1.59315,1.5931515403194854,2.7388,2.73880593550068
5250180,10245846,223737.0,2719164,,02/26/2019,02/26/2019,False,1.5848,1.5848083289086192,2.77007,2.770078827527256
5250181,10245858,223737.0,2719164,,02/26/2019,02/26/2019,False,1.58172,1.5817205477581762,2.68508,2.6850860063620767
5250182,10875193,223737.0,2719164,12933365.0,04/15/2019,04/15/2019,False,1.5441,1.5441097291503805,2.52667,2.526672276330405
5250183,10873765,223737.0,2719164,12030482.0,04/15/2019,04/15/2019,False,1.54447,1.5444750290516482,2.52773,2.5277339957570284
5250184,10958616,223737.0,2719164,12937965.0,04/22/2019,04/22/2019,False,1.8816599999999999,1.8816613964297224,2.86383,2.863835579844369
5250185,10958729,223737.0,2719164,13215781.0,04/22/2019,04/22/2019,False,1.8816599999999999,1.8816613964297224,2.86383,2.863835579844369
5320201,11058561,3163214.0,3111743,,05/01/2019,05/01/2019,True,0.41417,0.4141727190780669,0.41417,0.4141727190780669
5320202,11058596,3163214.0,3111743,,05/01/2019,05/01/2019,True,0.42038000000000003,0.4203878940470797,0.42038000000000003,0.4203878940470797
5320203,11057557,3163214.0,3111743,,04/30/2019,04/30/2019,True,0.42877,0.4287794995307659,0.42877,0.4287794995307659
5320204,11057595,3163214.0,3111743,,04/30/2019,04/30/2019,True,0.41495,0.4149545080904481,0.41495,0.4149545080904481
5361190,11848397,2744023.0,3426187,17388536.0,07/18/2019,07/18/2019,True,0.453,0.4530053515784655,0.453,0.4530053515784655
5361191,11848450,2744023.0,3426187,17388748.0,07/18/2019,07/18/2019,True,0.453,0.4530064301180044,0.453,0.4530064301180044
5361192,11848565,2744023.0,3426187,17389116.0,07/18/2019,07/18/2019,True,0.22759000000000001,0.2275985305154169,0.22759000000000001,0.2275985305154169
5361193,11861235,2744023.0,3426187,17437611.0,07/18/2019,07/18/2019,True,0.0605,0.0605001348360695,0.0605,0.0605001348360695
5361194,11859974,2744023.0,3426187,17433539.0,07/18/2019,07/18/2019,True,0.06118,0.06118795404253384,0.06118,0.06118795404253384
5368867,11953897,1720506.0,3472322,,07/29/2019,07/29/2019,True,0.26682,0.2668284671642707,0.27168000000000003,0.2716823540945933
5384131,11143490,2397007.0,3145081,,05/09/2019,05/09/2019,True,30.656640000000003,30.65664614004625,30.68954,30.689543882461518
5407854,11055071,2777194.0,3034629,,04/30/2019,04/30/2019,True,0.0,0.0,0.0,0.0
5407855,11086744,2777194.0,3034629,,05/03/2019,05/03/2019,True,0.0,0.0,0.0,0.0
5407856,11086885,2777194.0,3034629,,05/03/2019,05/03/2019,True,0.0,0.0,0.0,0.0
5407857,11087058,2777194.0,3034629,,05/03/2019,05/03/2019,True,0.0,0.0,0.0,0.0
5407858,11097132,2777194.0,3034629,,05/04/2019,05/04/2019,True,0.03199,0.031994047619047616,0.043539999999999995,0.043548483842305016
5407859,11109235,2777194.0,3034629,13797078.0,05/06/2019,05/06/2019,True,0.07291,0.07291666666666666,0.09651,0.09651053080107144
5407860,11109556,2777194.0,3034629,13797078.0,05/06/2019,05/06/2019,True,0.07291,0.07291666666666666,0.09651,0.0965105308010714
5407861,11105267,2777194.0,3034629,13779892.0,05/05/2019,05/05/2019,True,0.03333,0.03333333333333333,0.08605,0.08605425799399015
5433349,11122535,3192349.0,3137259,,05/07/2019,05/07/2019,False,0.146,0.14631149496823842,0.114,0.1140322826398395
5433350,11122584,3192349.0,3137259,,05/07/2019,05/07/2019,False,0.08900000000000001,0.08988267615646929,0.075,0.07549472032343006
5433351,11128144,3192349.0,3137259,,05/08/2019,05/08/2019,False,0.08900000000000001,0.08988267615646929,0.075,0.07549472032343006
5509552,11028487,2859224.0,3094806,,04/28/2019,04/28/2019,False,0.7398,0.7398,0.7383,0.7383
5509553,11071343,2859224.0,3094806,,05/02/2019,05/02/2019,False,0.6631,0.6631,0.6603,0.6603
5509554,11071501,2859224.0,3094806,,05/02/2019,05/02/2019,False,0.7466,0.7466,0.7446,0.7446
5509555,11148119,2859224.0,3094806,,05/10/2019,05/10/2019,True,0.7454,0.7454,0.7437,0.7437
5509556,11148247,2859224.0,3094806,,05/10/2019,05/10/2019,True,0.518,0.518,0.5056,0.5056
5509557,11148442,2859224.0,3094806,,05/10/2019,05/10/2019,True,0.7454,0.7454,0.7427,0.7427
5509558,11148508,2859224.0,3094806,,05/10/2019,05/10/2019,True,0.7366,0.7366,0.7326,0.7326
5509559,11148538,2859224.0,3094806,,05/10/2019,05/10/2019,True,0.7454,0.7454,0.7427,0.7427
5509560,11148556,2859224.0,3094806,,05/10/2019,05/10/2019,True,0.5157,0.5157,0.5052,0.5052
5509561,11148847,2859224.0,3094806,,05/10/2019,05/10/2019,True,0.7454,0.7454,0.7427,0.7427
5509562,11147590,2859224.0,3094806,,05/10/2019,05/10/2019,True,0.7342,0.7342,0.7306,0.7306
5611103,11796395,711723.0,3384815,,07/12/2019,08/13/2019,False,0.04649,0.04649063416835929,0.07089,0.07089630197088934
5617227,11173429,1403452.0,3159599,,05/13/2019,05/13/2019,False,0.46768000000000004,0.46768060836501896,0.40487,0.40487804878048783
5617228,11173142,1403452.0,3159599,,05/13/2019,05/13/2019,False,0.42965,0.4296577946768061,0.37073,0.3707317073170732
5617229,11173168,1403452.0,3159599,,05/13/2019,05/13/2019,False,0.41063999999999995,0.4106463878326996,0.35934,0.359349593495935
5617230,11173180,1403452.0,3159599,,05/13/2019,05/13/2019,False,0.40304,0.4030418250950569,0.36422,0.3642276422764228
5617231,11314799,1403452.0,3159599,,05/26/2019,05/26/2019,False,0.47908,0.4790874524714829,0.43901999999999997,0.4390243902439024
5617232,11315055,1403452.0,3159599,,05/26/2019,05/26/2019,False,0.53992,0.5399239543726235,0.47803999999999996,0.4780487804878049
5617233,11362790,1403452.0,3159599,,05/29/2019,05/29/2019,False,0.52471,0.5247148288973384,0.49105,0.4910569105691057
5617234,11388149,1403452.0,3159599,,05/31/2019,05/31/2019,False,0.54372,0.5437262357414449,0.52032,0.5203252032520326
5617235,11180128,1403452.0,3159599,,05/14/2019,05/14/2019,False,0.030410000000000003,0.030418250950570342,0.04065,0.04065040650406504
5617236,11180143,1403452.0,3159599,,05/14/2019,05/14/2019,False,0.5095,0.5095057034220533,0.39186,0.39186991869918697
5617237,11234002,1403452.0,3159599,,05/19/2019,05/19/2019,False,0.48288000000000003,0.4828897338403042,0.41788000000000003,0.41788617886178864
5617238,11235244,1403452.0,3159599,,05/19/2019,05/19/2019,False,0.45627,0.4562737642585552,0.38373,0.3837398373983739
5617239,11261077,1403452.0,3159599,,05/21/2019,05/21/2019,False,0.20911999999999997,0.20912547528517111,0.21950999999999998,0.2195121951219512
5617240,11261430,1403452.0,3159599,,05/21/2019,05/21/2019,False,0.5095,0.5095057034220533,0.42601000000000006,0.4260162601626016
5657724,11859819,1743991.0,3075274,13920264.0,07/18/2019,07/13/2019,False,0.0,0.0,0.91332,0.9133291029315428
5657725,11860383,1743991.0,3075274,13996009.0,07/18/2019,07/14/2019,False,0.0,0.0,0.91805,0.9180595993030268
5710272,11078070,2740768.0,3103964,,05/03/2019,05/03/2019,False,23.60256,23.602564102564106,26.60762,26.607629427792915
5710273,11085191,2740768.0,3103964,,05/03/2019,05/03/2019,False,25.86538,25.865384615384613,25.07901,25.079019073569484
5710514,11083194,2740768.0,3103964,,05/03/2019,05/03/2019,False,29.87179,29.871794871794872,29.332420000000003,29.33242506811989
5710515,11079087,2740768.0,3103964,,05/03/2019,05/03/2019,False,20.64743,20.647435897435894,23.427789999999998,23.42779291553133
5710516,11079200,2740768.0,3103964,,05/03/2019,05/03/2019,False,20.64743,20.647435897435894,23.15803,23.158038147138964
5710517,11087297,2740768.0,3103964,,05/03/2019,05/03/2019,False,30.55769,30.55769230769231,30.016340000000003,30.016348773841962
5710518,11113792,2740768.0,3103964,,05/06/2019,05/06/2019,False,20.55769,20.55769230769231,23.37602,23.376021798365127
5710519,11115753,2740768.0,3103964,,05/06/2019,05/06/2019,False,19.71794,19.71794871794872,22.809260000000002,22.809264305177113
5710520,11115848,2740768.0,3103964,,05/06/2019,05/06/2019,False,19.71153,19.71153846153846,22.822879999999998,22.822888283378745
5930430,12060901,164867.0,3511549,,08/07/2019,08/07/2019,False,0.941915,0.9419151182849204,0.9142879999999999,0.9142888073720274
5930431,12060906,164867.0,3511549,,08/07/2019,08/07/2019,False,0.94301,0.9430107418329998,0.913429,0.9134290901392133
5930510,12060913,164867.0,3511549,,08/07/2019,08/07/2019,False,0.944207,0.9442070055256996,0.915607,0.9156072931084656
5930511,12119406,164867.0,3511549,,08/13/2019,08/13/2019,False,0.946701,0.9467016522668236,0.919833,0.9198335956109178
5930512,12119414,164867.0,3511549,,08/13/2019,08/13/2019,False,0.9469280000000001,0.9469289153269906,0.9204209999999999,0.9204215529684492
5930513,12142761,164867.0,3511549,,08/15/2019,08/15/2019,False,0.9471370000000001,0.9471372811596718,0.91981,0.9198109898725044
5930514,12363004,164867.0,3511549,,09/02/2019,09/02/2019,False,0.9518260000000001,0.9518264243714312,0.9284889999999999,0.9284892618922794
5930515,12410008,164867.0,3511549,,09/06/2019,09/06/2019,False,0.9525899999999999,0.9525901105026195,0.928026,0.928026804437268
5930516,12429813,164867.0,3511549,,09/08/2019,09/08/2019,False,0.9433739999999999,0.9433741240995084,0.917501,0.9175011701662128
5930517,12497162,164867.0,3511549,,09/16/2019,09/16/2019,False,0.952667,0.9526676553941889,0.928085,0.9280857337876818
5930518,12689259,164867.0,3511549,,10/02/2019,10/02/2019,False,0.9532079999999999,0.9532088755101484,0.8590620000000001,0.8590622695074362
5930519,12208473,164867.0,3511549,,08/21/2019,08/21/2019,False,0.9476450000000001,0.947645053989824,0.920098,0.9200984495181151
5930520,12237558,164867.0,3511549,,08/23/2019,08/23/2019,False,0.946893,0.9468930193966848,0.920298,0.9202986710775906
5930521,12237570,164867.0,3511549,,08/23/2019,08/23/2019,False,0.948434,0.948434173994595,0.9222440000000001,0.9222444866133052
5930522,12288841,164867.0,3511549,,08/27/2019,08/27/2019,False,0.937448,0.9374485706721724,0.903325,0.9033255599021616
5930523,12288860,164867.0,3511549,,08/27/2019,08/27/2019,False,0.937448,0.9374485706721724,0.903325,0.9033255599021616
5930524,12362996,164867.0,3511549,,09/02/2019,09/02/2019,False,0.946628,0.9466284398745564,0.9197110000000001,0.9197118830152868
6192329,12455242,13974.0,3518766,,09/11/2019,09/11/2019,False,0.9130870000000001,0.9130875395640377,0.8861969999999999,0.8861973707205951
6192330,12464640,13974.0,3518766,,09/12/2019,09/12/2019,False,0.904776,0.9047765161775072,0.8719809999999999,0.8719816577418961
6247217,12709851,3804364.0,3739548,,10/04/2019,10/04/2019,True,0.27166,0.2716666666666667,0.25214000000000003,0.2521428571428572
6247218,12709882,3804364.0,3739548,,10/04/2019,10/04/2019,True,0.345,0.345,0.35141999999999995,0.3514285714285714
6247219,12709886,3804364.0,3739548,,10/04/2019,10/04/2019,True,0.33333,0.3333333333333333,0.33642,0.3364285714285714
6247220,12709888,3804364.0,3739548,,10/04/2019,10/04/2019,True,0.28165999999999997,0.2816666666666667,0.30856999999999996,0.3085714285714285
6247221,12709889,3804364.0,3739548,,10/04/2019,10/04/2019,True,0.26833,0.2683333333333333,0.29141999999999996,0.2914285714285714
6247222,12709904,3804364.0,3739548,,10/04/2019,10/04/2019,True,0.27833,0.2783333333333333,0.31428,0.3142857142857143
6247223,12709853,3804364.0,3739548,,10/04/2019,10/04/2019,True,0.18833,0.18833333333333327,0.215,0.215
6247224,12709855,3804364.0,3739548,,10/04/2019,10/04/2019,True,0.33166,0.3316666666666667,0.34214,0.34214285714285714
6247225,12709860,3804364.0,3739548,,10/04/2019,10/04/2019,True,0.30333000000000004,0.3033333333333333,0.30785,0.3078571428571429
6247226,12709869,3804364.0,3739548,,10/04/2019,10/04/2019,True,0.27166,0.2716666666666667,0.28285,0.2828571428571429
6247227,12709871,3804364.0,3739548,,10/04/2019,10/04/2019,True,0.25666,0.25666666666666665,0.295,0.295
6247228,12709876,3804364.0,3739548,,10/04/2019,10/04/2019,True,0.26666,0.26666666666666666,0.255,0.255
6274216,12168104,3569163.0,3537734,,08/18/2019,08/18/2019,False,0.636971,0.6369713981965708,0.613722,0.6137222250403475
6274217,12189923,3569163.0,3537734,,08/20/2019,08/20/2019,False,0.783054,0.7830544018367723,0.714708,0.7147089580142596
6274218,12199318,3569163.0,3537734,,08/20/2019,08/20/2019,False,0.855416,0.8554168259559016,0.78551,0.7855106009427221
6274219,12199943,3569163.0,3537734,,08/20/2019,08/20/2019,False,0.819448,0.8194487847201317,0.751538,0.7515387610381913
6274220,12231082,3569163.0,3537734,,08/23/2019,08/23/2019,False,0.9369540000000001,0.9369545960699044,0.904106,0.9041064016514068
6274221,12229097,3569163.0,3537734,,08/23/2019,08/23/2019,False,0.8589870000000001,0.8589874337398082,0.8405889999999999,0.8405895281874238
6274222,12409787,3569163.0,3537734,,09/06/2019,09/06/2019,False,0.941148,0.9411486375449836,0.913151,0.9131515798537376
6274223,12409952,3569163.0,3537734,,09/06/2019,09/06/2019,False,0.9416680000000001,0.941668764844082,0.9140440000000001,0.9140448966041388
6274224,12271742,3569163.0,3537734,,08/26/2019,08/26/2019,False,0.9318860000000001,0.9318860914442388,0.9073959999999999,0.9073963273458996
6274225,12270847,3569163.0,3537734,,08/26/2019,08/26/2019,False,0.926175,0.9261758549192878,0.90194,0.9019408286351428
6274226,12384884,3569163.0,3537734,,09/04/2019,09/04/2019,False,0.917004,0.9170045431365182,0.89197,0.8919707812185071
6274227,12403701,3569163.0,3537734,,09/06/2019,09/06/2019,False,0.9274540000000001,0.9274541940459984,0.9027780000000001,0.9027789644195706
6274228,12405085,3569163.0,3537734,,09/06/2019,09/06/2019,False,0.94199,0.9419906534053688,0.914961,0.9149613714482908
6274229,12254894,3569163.0,3537734,,08/25/2019,08/25/2019,False,0.930905,0.9309051886635108,0.8984340000000001,0.8984349404942406
6274230,12254949,3569163.0,3537734,,08/25/2019,08/25/2019,False,0.9300149999999999,0.9300150226479322,0.901756,0.9017569722481502
6274231,12250604,3569163.0,3537734,,08/24/2019,08/24/2019,False,0.929726,0.9297266473868327,0.8961459999999999,0.8961461711547877
6274232,12270387,3569163.0,3537734,,08/26/2019,08/26/2019,False,0.9279459999999999,0.927946638092644,0.900718,0.9007185013804386
6274233,12270425,3569163.0,3537734,,08/26/2019,08/26/2019,False,0.930092,0.9300926237739732,0.897317,0.8973177407699294
6274234,12270452,3569163.0,3537734,,08/26/2019,08/26/2019,False,0.928859,0.9288592245476124,0.896017,0.8960179176798233
6274235,12231275,3569163.0,3537734,,08/23/2019,08/23/2019,False,0.853709,0.8537090938502649,0.799396,0.7993966432618619
6274236,12238359,3569163.0,3537734,,08/24/2019,08/24/2019,False,0.8696299999999999,0.8696307048254851,0.797433,0.7974339759276584
6274237,12238423,3569163.0,3537734,,08/24/2019,08/24/2019,False,0.93158,0.9315802553796604,0.9077370000000001,0.9077375002568168
6274238,12238557,3569163.0,3537734,,08/24/2019,08/24/2019,False,0.8881690000000001,0.8881694925658237,0.8402299999999999,0.8402303993397324
6274239,12240784,3569163.0,3537734,,08/24/2019,08/24/2019,False,0.885192,0.8851923772843472,0.827734,0.827734858636019
6274240,12238131,3569163.0,3537734,,08/23/2019,08/23/2019,False,0.8570530000000001,0.8570532026293273,0.796439,0.7964399890304176
6499954,13050131,164524.0,3880737,22695754.0,10/29/2019,,False,,,,
6499955,13049856,164524.0,3880737,22695754.0,10/29/2019,,False,,,,
6499956,13061193,164524.0,3880737,22733721.0,10/30/2019,,False,,,,
6525899,13674369,2082891.0,4092423,,12/07/2019,12/07/2019,False,71932.24,71932.24394484969,71932.24,71932.24394484969
6525900,13676385,2082891.0,4092423,,12/07/2019,12/07/2019,False,71858.64,71858.64093221753,71858.64,71858.64093221753
6525901,13890450,2082891.0,4092423,,12/22/2019,12/22/2019,False,71831.36,71831.36820933271,71831.36,71831.36820933271
6525902,13890481,2082891.0,4092423,,12/22/2019,12/22/2019,False,71741.46,71741.46002996343,71741.46,71741.46002996343
6525903,13890538,2082891.0,4092423,,12/22/2019,12/22/2019,False,71717.43,71717.43655435847,71717.43,71717.43655435847
6525904,13890637,2082891.0,4092423,,12/22/2019,12/22/2019,False,71717.43,71717.43655435847,71717.43,71717.43655435847
6525905,13890657,2082891.0,4092423,,12/22/2019,12/22/2019,False,71784.58,71784.58387316884,71784.58,71784.58387316884
6606820,13944304,19048.0,4181448,,12/26/2019,12/26/2019,False,0.48853,0.4885302196784247,0.49327,0.4932770460499642
6790182,14837793,4311733.0,4485186,,03/16/2020,03/16/2020,True,5.9017800000000005,5.901786427988366,5.9017800000000005,5.901786427988366
6954051,14618332,487776.0,4450379,,02/27/2020,02/27/2020,False,0.46807,0.4680725581327638,0.33261999999999997,0.332621898293188
6954052,14957882,487776.0,4450379,,03/26/2020,03/26/2020,False,0.94014,0.9401459574580284,0.9385100000000001,0.9385197157008708
6954053,14966451,487776.0,4450379,,03/27/2020,03/27/2020,False,0.9409799999999999,0.9409895980560731,0.93925,0.9392572484570586
7018060,14709030,4610086.0,4498089,,03/06/2020,03/09/2020,False,0.8377,0.8377000794512454,0.97172,0.9717274507795288
7107255,14963774,1093621.0,4624105,,03/27/2020,03/27/2020,True,0.8861700000000001,0.8861776844544204,0.88675,0.8867569328795888
7107256,14963810,1093621.0,4624105,,03/27/2020,03/27/2020,True,0.8755299999999999,0.875533994641952,0.87625,0.8762580551734125
7251267,15046857,4698710.0,4663753,,04/02/2020,04/02/2020,True,0.6431600000000001,0.6431605976557674,0.6431600000000001,0.6431605976557674
7251268,15046978,4698710.0,4663753,,04/02/2020,04/02/2020,True,0.55042,0.5504248672171078,0.55042,0.5504248672171078
7251269,15130374,4698710.0,4663753,,04/09/2020,04/09/2020,True,0.49444,0.4944414496925972,0.49444,0.4944414496925972
7251270,15130808,4698710.0,4663753,,04/09/2020,04/09/2020,True,0.48695,0.4869586811559929,0.48695,0.4869586811559929
7251271,15131418,4698710.0,4663753,,04/09/2020,04/09/2020,True,0.50053,0.5005355260018263,0.50053,0.5005355260018263
7251272,15215767,4698710.0,4663753,,04/16/2020,04/16/2020,True,0.43018,0.43018823283291824,0.43018,0.43018823283291824
7294254,15150295,204221.0,4656219,31789446.0,04/11/2020,04/11/2020,False,0.64276,0.6427674889564514,0.63853,0.6385313868522644
7406405,15115892,487776.0,4450379,31631681.0,04/08/2020,04/08/2020,False,0.94134,0.9413457448850818,0.9396,0.939602789355168
7406406,15276658,487776.0,4450379,,04/21/2020,04/21/2020,False,0.9430200000000001,0.9430221279244438,0.94171,0.941717870966582
7406407,15750729,487776.0,4450379,,05/22/2020,05/22/2020,False,0.9443299999999999,0.9443315111099492,0.9439700000000001,0.943978597300946
7406408,15792124,487776.0,4450379,,05/25/2020,05/25/2020,False,0.94142,0.941426964442953,0.9400299999999999,0.9400333055000596
7499618,15001874,2265583.0,4642527,,03/30/2020,03/30/2020,True,0.0,0.0,0.0,0.0
7499619,15001947,2265583.0,4642527,,03/30/2020,03/30/2020,True,0.88666,0.8866688000853368,0.8852,0.8852028400946699
7499620,15001968,2265583.0,4642527,,03/30/2020,03/30/2020,True,0.8456799999999999,0.8456871608197661,0.84511,0.8451148371612387
7499621,15001990,2265583.0,4642527,,03/30/2020,03/30/2020,True,0.88235,0.8823552942117685,0.88123,0.8812360412013733
7606921,15381594,4918057.0,4792458,,04/28/2020,04/28/2020,True,0.67424,0.6742499878704238,0.67303,0.6730340858436018
7606922,15381872,4918057.0,4792458,,04/28/2020,04/28/2020,True,0.71112,0.7111283920135276,0.70719,0.7071954579637917
7606923,15411295,4918057.0,4792458,,04/30/2020,04/30/2020,True,0.67424,0.6742499878704238,0.67303,0.6730340858436018
7658686,15652174,4311733.0,4485186,,05/16/2020,05/16/2020,True,11.57189,11.57189468922558,11.57189,11.57189468922558
7664885,15946327,4209606.0,4961592,35468246.0,06/04/2020,06/04/2020,False,0.02603,0.026034962385892868,0.02544,0.025444023311138157
7685005,16180453,5266354.0,5130457,,06/18/2020,06/18/2020,True,0.48178999999999994,0.4817960857776503,0.48178999999999994,0.4817960857776503
7736166,16236115,864684.0,4601762,37193540.0,06/22/2020,06/22/2020,False,0.9472,0.9472423937830564,0.9458,0.9458538999344042
7736167,16236212,864684.0,4601762,37194273.0,06/22/2020,06/22/2020,False,0.9471,0.9471193605577228,0.9456,0.9456014910979694
7736168,16235788,864684.0,4601762,37191879.0,06/22/2020,06/22/2020,False,0.9472,0.94724172899527,0.9458,0.9458791279931196
7736290,16235917,864684.0,4601762,37192565.0,06/22/2020,06/22/2020,False,0.9472,0.9472551672055246,0.9458,0.9458776659513074
7922910,16398241,374501.0,5196256,,07/04/2020,07/04/2020,False,0.9268,0.9268760364842454,0.9114,0.9114397323460134
7922911,16398410,374501.0,5196256,,07/04/2020,07/04/2020,False,0.9382,0.9382095930603394,0.9216,0.9216464069491014
7922912,16398419,374501.0,5196256,,07/04/2020,07/04/2020,False,0.9216,0.9216577369562444,0.8948,0.8948256717743727
7922913,16398430,374501.0,5196256,,07/04/2020,07/04/2020,False,0.8836,0.8836546434494196,0.8548,0.8548443114426448
7922914,16398451,374501.0,5196256,,07/04/2020,07/04/2020,False,0.9338,0.9338284538844241,0.9176,0.9176319612061904
7922915,16402490,374501.0,5196256,,07/05/2020,07/05/2020,False,0.9335,0.9335175086107922,0.9221,0.9221903066443864
7922916,16402238,374501.0,5196256,,07/05/2020,07/05/2020,False,0.925,0.9250940808776629,0.8949,0.8949043078748958
7922917,16402245,374501.0,5196256,,07/05/2020,07/05/2020,False,0.908,0.9080618541905856,0.8632,0.8632172358682554
7922918,16409182,374501.0,5196256,38105565.0,07/05/2020,07/05/2020,False,0.9216,0.9216696963898456,0.8942,0.8942774034068363
7969764,16944489,416377.0,5406828,41029121.0,08/19/2020,08/19/2020,False,0.498,0.4982194175241493,0.586,0.5862310900691129
7983565,16327809,4976795.0,5183886,,06/29/2020,06/29/2020,False,0.5183,0.5183,0.5183,0.5183
7983566,16327837,4976795.0,5183886,,06/29/2020,06/29/2020,False,0.3606,0.3606,0.3606,0.3606
7983567,16327423,4976795.0,5183886,,06/29/2020,06/29/2020,False,0.3569,0.3569,0.3569,0.3569
7983568,16327475,4976795.0,5183886,,06/29/2020,06/29/2020,False,0.5157,0.5157,0.5157,0.5157
7983569,16327509,4976795.0,5183886,,06/29/2020,06/29/2020,False,0.3259,0.3259,0.3259,0.3259
7983570,16327535,4976795.0,5183886,,06/29/2020,06/29/2020,False,0.5663,0.5663,0.5663,0.5663
7983571,16327565,4976795.0,5183886,,06/29/2020,06/29/2020,False,0.4578,0.4578,0.4578,0.4578
7983572,16327600,4976795.0,5183886,,06/29/2020,06/29/2020,False,0.4391,0.4391,0.4391,0.4391
7983573,16327692,4976795.0,5183886,,06/29/2020,06/29/2020,False,0.4127,0.4127,0.4127,0.4127
7983574,16327726,4976795.0,5183886,,06/29/2020,06/29/2020,False,0.4211,0.4211,0.4211,0.4211
8214587,17106358,3769607.0,5419675,,09/07/2020,09/07/2020,True,0.40163000000000004,0.4016393442622951,0.40387,0.4038767242705502
8214588,17106757,3769607.0,5419675,,09/07/2020,09/07/2020,True,0.5263800000000001,0.5263850664113916,0.5219199999999999,0.5219219527203733
8214589,17146858,3769607.0,5419675,,09/10/2020,09/10/2020,True,0.5262600000000001,0.5262654062462606,0.5202,0.5202040920978411
8214590,17153398,3769607.0,5419675,,09/11/2020,09/11/2020,True,0.00011,0.00011966016513102789,5e-05,5.127942156812471e-05
8214591,17153572,3769607.0,5419675,,09/11/2020,09/11/2020,True,0.00011,0.00011966016513102789,5e-05,5.127942156812471e-05
8214592,17155620,3769607.0,5419675,,09/11/2020,09/11/2020,True,0.07783,0.07783893741773364,0.08017,0.08017537562176298
8214593,17341058,3769607.0,5419675,,09/27/2020,09/27/2020,True,0.5392399999999999,0.5392485341629771,0.5342,0.5342033741859392
8214594,17341077,3769607.0,5419675,,09/27/2020,09/27/2020,True,0.5392399999999999,0.5392485341629771,0.5342,0.5342033741859392
8214595,17341085,3769607.0,5419675,,09/27/2020,09/27/2020,True,0.5394800000000001,0.5394878544932392,0.53435,0.5343572124506436
8214596,17341262,3769607.0,5419675,,09/27/2020,09/27/2020,True,0.5394800000000001,0.5394878544932392,0.53435,0.5343572124506436
8214597,17183631,3769607.0,5419675,,09/14/2020,09/14/2020,True,0.5396,0.5396075146583702,0.53425,0.5342546536075073
8214598,17183767,3769607.0,5419675,,09/14/2020,09/14/2020,True,0.53942,0.5394280244106737,0.53433,0.5343315727398595
8214599,17183783,3769607.0,5419675,,09/14/2020,09/14/2020,True,0.52147,0.5214789996410195,0.5164300000000001,0.516435054612584
8214600,17183818,3769607.0,5419675,,09/14/2020,09/14/2020,True,0.5392399999999999,0.5392485341629771,0.5342,0.5342033741859392
8214601,17183852,3769607.0,5419675,,09/14/2020,09/14/2020,True,0.5394800000000001,0.5394878544932392,0.53435,0.5343572124506436
8214602,17267798,3769607.0,5419675,,09/21/2020,09/21/2020,True,0.5394800000000001,0.5394878544932392,0.53435,0.5343572124506436
8214603,17183504,3769607.0,5419675,,09/14/2020,09/14/2020,True,0.53194,0.5319492640899844,0.52604,0.5260499461566074
8214604,17183528,3769607.0,5419675,,09/14/2020,09/14/2020,True,0.53918,0.5391887040804116,0.53384,0.5338444182349623
8214605,17183541,3769607.0,5419675,,09/14/2020,09/14/2020,True,0.5391199999999999,0.5391288739978461,0.5341199999999999,0.534126455053587
8214606,17183553,3769607.0,5419675,,09/14/2020,09/14/2020,True,0.53942,0.5394280244106737,0.53433,0.5343315727398595
8214917,17183601,3769607.0,5419675,,09/14/2020,09/14/2020,True,0.5394800000000001,0.5394878544932392,0.53435,0.5343572124506436
8214918,17183617,3769607.0,5419675,,09/14/2020,09/14/2020,True,0.5395399999999999,0.5395476845758047,0.5340699999999999,0.5340751756320189
8214919,17164833,3769607.0,5419675,,09/12/2020,09/12/2020,True,0.53888,0.5388895536675841,0.53379,0.5337931388133942
8214920,17164867,3769607.0,5419675,,09/12/2020,09/12/2020,True,0.5394800000000001,0.5394878544932392,0.53428,0.5342802933182914
8214921,17164912,3769607.0,5419675,,09/12/2020,09/12/2020,True,0.5394800000000001,0.5394878544932392,0.53435,0.5343572124506436
8214922,17164951,3769607.0,5419675,,09/12/2020,09/12/2020,True,0.5394800000000001,0.5394878544932392,0.53435,0.5343572124506436
8214923,17165023,3769607.0,5419675,,09/12/2020,09/12/2020,True,0.5394800000000001,0.5394878544932392,0.53435,0.5343572124506436
8214924,17183458,3769607.0,5419675,,09/14/2020,09/14/2020,True,0.48868999999999996,0.4886921143951178,0.48507,0.4850776883236757
8214925,17164667,3769607.0,5419675,,09/12/2020,09/12/2020,True,0.5394800000000001,0.5394878544932392,0.53435,0.5343572124506436
8214926,17164749,3769607.0,5419675,,09/12/2020,09/12/2020,True,0.53894,0.5389493837501496,0.5340699999999999,0.5340751756320189
8214927,17164792,3769607.0,5419675,,09/12/2020,09/12/2020,True,0.53781,0.5378126121814049,0.53274,0.5327419106712477
8214928,17164802,3769607.0,5419675,,09/12/2020,09/12/2020,True,0.5381100000000001,0.5381117625942324,0.53294,0.5329470283575202
8214929,17164810,3769607.0,5419675,,09/12/2020,09/12/2020,True,0.5381100000000001,0.5381117625942324,0.5330199999999999,0.5330239474898724
8214930,17164818,3769607.0,5419675,,09/12/2020,09/12/2020,True,0.53871,0.5387100634198875,0.53356,0.5335623814163376
8214931,17166141,3769607.0,5419675,,09/12/2020,09/12/2020,True,0.54002,0.5400263252363289,0.53433,0.5343315727398595
8214932,17166161,3769607.0,5419675,,09/12/2020,09/12/2020,True,0.53978,0.5397870049060668,0.5344,0.5344084918722117
8214933,17166181,3769607.0,5419675,,09/12/2020,09/12/2020,True,0.53972,0.5397271748235013,0.53428,0.5342802933182914
8214934,17166193,3769607.0,5419675,,09/12/2020,09/12/2020,True,0.5399,0.5399066650711978,0.53433,0.5343315727398595
8214935,17166202,3769607.0,5419675,,09/12/2020,09/12/2020,True,0.54002,0.5400263252363289,0.53425,0.5342546536075073
8214936,17166209,3769607.0,5419675,,09/12/2020,09/12/2020,True,0.5396,0.5396075146583702,0.5344300000000001,0.5344341315829958
8214937,17165064,3769607.0,5419675,,09/12/2020,09/12/2020,True,0.46588999999999997,0.465896852937657,0.46305,0.4630531767601662
8214938,17165071,3769607.0,5419675,,09/12/2020,09/12/2020,True,0.5394800000000001,0.5394878544932392,0.53435,0.5343572124506436
8214939,17165159,3769607.0,5419675,,09/12/2020,09/12/2020,True,0.53882,0.5388297235850186,0.53379,0.5337931388133942
8214940,17165180,3769607.0,5419675,,09/12/2020,09/12/2020,True,0.46601000000000004,0.4660165131027881,0.46307,0.4630788164709502
8214941,17165190,3769607.0,5419675,,09/12/2020,09/12/2020,True,0.53894,0.5389493837501496,0.53394,0.5339469770780986
8214942,17165210,3769607.0,5419675,,09/12/2020,09/12/2020,True,0.53942,0.5394280244106737,0.53425,0.5342546536075073
8214943,17155033,3769607.0,5419675,,09/11/2020,09/11/2020,True,0.5385300000000001,0.538530573172191,0.53361,0.5336136608379057
8214944,17155050,3769607.0,5419675,,09/11/2020,09/11/2020,True,0.5394800000000001,0.5394878544932392,0.53428,0.5342802933182914
8214945,17155060,3769607.0,5419675,,09/11/2020,09/11/2020,True,0.5394800000000001,0.5394878544932392,0.53428,0.5342802933182914
8214946,17155075,3769607.0,5419675,,09/11/2020,09/11/2020,True,0.53805,0.5380519325116668,0.5329699999999999,0.5329726680683042
8214947,17155093,3769607.0,5419675,,09/11/2020,09/11/2020,True,0.53793,0.5379322723465358,0.53269,0.5326906312496795
8214948,17165050,3769607.0,5419675,,09/12/2020,09/12/2020,True,0.53876,0.5387698935024531,0.53371,0.5337162196810421
8214949,17154824,3769607.0,5419675,,09/11/2020,09/11/2020,True,0.5330199999999999,0.5330262055761636,0.5274800000000001,0.5274857699605149
8214950,17154907,3769607.0,5419675,,09/11/2020,09/11/2020,True,0.53859,0.5385904032547565,0.5333,0.533305984308497
8214951,17154949,3769607.0,5419675,,09/11/2020,09/11/2020,True,0.53703,0.5370348211080531,0.53163,0.5316394031075329
8214952,17154969,3769607.0,5419675,,09/11/2020,09/11/2020,True,0.5394800000000001,0.5394878544932392,0.53435,0.5343572124506436
8214953,17154996,3769607.0,5419675,,09/11/2020,09/11/2020,True,0.5394800000000001,0.5394878544932392,0.53435,0.5343572124506436
8214954,17155017,3769607.0,5419675,,09/11/2020,09/11/2020,True,0.53918,0.5391887040804116,0.5340699999999999,0.5340751756320189
8214955,17155863,3769607.0,5419675,,09/11/2020,09/11/2020,True,0.39128,0.3912887399784612,0.38366999999999996,0.3836726321727091
8221186,17155920,3769607.0,5419675,,09/11/2020,09/11/2020,True,0.52967,0.5296757209524949,0.52248,0.5224860263576226
8221187,17155975,3769607.0,5419675,,09/11/2020,09/11/2020,True,0.5322399999999999,0.532248414502812,0.52522,0.5252294754115173
8221188,17156001,3769607.0,5419675,,09/11/2020,09/11/2020,True,0.5394800000000001,0.5394878544932392,0.53435,0.5343572124506436
8221189,17156067,3769607.0,5419675,,09/11/2020,09/11/2020,True,0.5394800000000001,0.5394878544932392,0.53435,0.5343572124506436
8221190,17154748,3769607.0,5419675,,09/11/2020,09/11/2020,True,0.53637,0.5363766901998325,0.53125,0.531254807445772
8286685,17001823,416377.0,5406828,41443750.0,08/26/2020,08/26/2020,False,0.499,0.4991431443572157,0.583,0.5833478612566959
8286686,17010398,416377.0,5406828,41505617.0,08/27/2020,08/27/2020,False,0.452,0.4527498520605918,0.5479999999999999,0.5481357798777317
8286687,17027156,416377.0,5406828,41611283.0,08/29/2020,08/29/2020,False,0.48,0.4809970968568885,0.575,0.5754285293245934
8286931,17083991,416377.0,5406828,41996139.0,09/04/2020,09/04/2020,False,0.5579999999999999,0.5587766139522148,0.5870000000000001,0.5873889268626101
8286932,17090299,416377.0,5406828,42035212.0,09/05/2020,09/05/2020,False,0.546,0.5465341959334566,0.555,0.5557456954073483
8286933,17097773,416377.0,5406828,42082516.0,09/06/2020,09/06/2020,False,0.551,0.5514205517902376,0.5870000000000001,0.5879293290947414
8286934,17109944,416377.0,5406828,42160393.0,09/07/2020,09/07/2020,False,0.535,0.5357018161546814,0.583,0.5831093952249103
8286935,17133029,416377.0,5406828,42312338.0,09/09/2020,09/09/2020,False,0.544,0.5440542205791744,0.5770000000000001,0.5776942355889725
8286936,17157889,416377.0,5406828,42470035.0,09/11/2020,09/11/2020,False,0.545,0.5455427659216939,0.578,0.5783241719673696
8286937,17172136,416377.0,5406828,42562295.0,09/13/2020,09/13/2020,False,0.46399999999999997,0.4645048762423993,0.506,0.5061755299964448
8286938,17184810,416377.0,5406828,42637895.0,09/14/2020,09/14/2020,False,0.5429999999999999,0.5435698552149569,0.574,0.5741524955639781
